Date,Category,Amount
2021-01-01,Rent,10621.780831931537
2021-01-01,Groceries,304.55
2021-01-01,Dining,781.17
2021-01-01,Utilities,551.46
2021-01-02,Groceries,530.13
2021-01-02,Transport,443.57
2021-01-03,Entertainment,295.29
2021-01-04,Transport,638.88
2021-01-06,Entertainment,338.73
2021-01-06,Groceries,1907.99
2021-01-07,Utilities,1600.38
2021-01-07,Groceries,1091.32
2021-01-07,Groceries,1836.78
2021-01-08,Transport,440.05
2021-01-09,Medical,3898.15
2021-01-10,Groceries,281.41
2021-01-10,Transport,341.51
2021-01-10,Groceries,1691.73
2021-01-10,Transport,260.7
2021-01-11,Dining,228.28
2021-01-12,Groceries,1667.83
2021-01-12,Utilities,2322.52
2021-01-13,Transport,136.9
2021-01-14,Groceries,759.77
2021-01-14,Transport,597.2
2021-01-15,Utilities,2401.96
2021-01-15,Entertainment,1179.35
2021-01-15,Transport,442.05
2021-01-16,Groceries,256.57
2021-01-17,Entertainment,1370.59
2021-01-18,Dining,390.24
2021-01-20,Dining,998.53
2021-01-21,Dining,716.31
2021-01-21,Dining,1090.9
2021-01-21,Transport,132.54
2021-01-22,Dining,1053.77
2021-01-24,Groceries,415.76
2021-01-25,Entertainment,1084.23
2021-01-25,Transport,778.84
2021-01-26,Transport,263.63
2021-01-26,Groceries,1297.22
2021-01-27,Groceries,1834.88
2021-01-28,Transport,789.24
2021-01-29,Dining,399.52
2021-01-30,Entertainment,850.08
2021-01-30,Groceries,1703.54
2021-01-31,Groceries,1263.61
2021-02-01,Rent,12742.950532895977
2021-02-02,Entertainment,344.11
2021-02-03,Transport,135.11
2021-02-03,Dining,1071.21
2021-02-03,Groceries,1387.97
2021-02-04,Groceries,1814.99
2021-02-04,Dining,814.76
2021-02-04,Transport,311.91
2021-02-05,Groceries,1817.4
2021-02-05,Entertainment,112.88
2021-02-05,Groceries,1394.3
2021-02-05,Groceries,489.45
2021-02-05,Entertainment,1068.65
2021-02-06,Utilities,1093.12
2021-02-07,Dining,840.49
2021-02-07,Entertainment,231.14
2021-02-08,Groceries,1951.42
2021-02-09,Dining,677.77
2021-02-09,Entertainment,789.52
2021-02-11,Groceries,1361.85
2021-02-13,Dining,599.59
2021-02-13,Medical,4821.74
2021-02-13,Dining,459.17
2021-02-13,Transport,688.35
2021-02-14,Entertainment,1410.62
2021-02-15,Entertainment,1486.08
2021-02-15,Groceries,1132.99
2021-02-16,Groceries,1656.85
2021-02-16,Dining,1060.43
2021-02-16,Dining,686.91
2021-02-16,Entertainment,1217.61
2021-02-17,Transport,120.49
2021-02-17,Entertainment,150.32
2021-02-17,Transport,456.98
2021-02-17,Groceries,1263.5
2021-02-20,Entertainment,1177.99
2021-02-20,Groceries,1321.2
2021-02-23,Utilities,2939.63
2021-02-23,Entertainment,552.14
2021-02-24,Transport,108.84
2021-02-26,Groceries,650.44
2021-02-26,Entertainment,1100.43
2021-02-26,Utilities,1199.83
2021-02-26,Medical,3715.69
2021-02-27,Groceries,840.75
2021-02-27,Dining,165.11
2021-03-01,Rent,8322.01849415227
2021-03-02,Transport,405.1
2021-03-02,Groceries,980.93
2021-03-02,Transport,511.89
2021-03-03,Transport,519.39
2021-03-04,Groceries,1356.35
2021-03-04,Groceries,1254.4
2021-03-04,Dining,754.25
2021-03-05,Entertainment,1418.05
2021-03-05,Transport,770.89
2021-03-06,Groceries,381.4
2021-03-09,Transport,683.66
2021-03-11,Utilities,2072.36
2021-03-11,Dining,921.82
2021-03-12,Dining,997.18
2021-03-12,Medical,2121.83
2021-03-13,Dining,1051.33
2021-03-13,Transport,613.15
2021-03-14,Dining,680.51
2021-03-15,Groceries,1829.69
2021-03-15,Groceries,774.76
2021-03-15,Medical,4757.98
2021-03-16,Groceries,791.6
2021-03-16,Utilities,2380.94
2021-03-17,Transport,93.17
2021-03-17,Entertainment,718.14
2021-03-18,Groceries,1570.72
2021-03-18,Entertainment,241.57
2021-03-20,Dining,891.55
2021-03-23,Dining,1144.61
2021-03-23,Medical,3791.55
2021-03-24,Dining,736.32
2021-03-25,Transport,58.52
2021-03-25,Transport,92.23
2021-03-28,Groceries,1763.48
2021-03-28,Groceries,1933.8
2021-03-28,Groceries,1945.78
2021-03-28,Groceries,1804.06
2021-03-29,Entertainment,1457.02
2021-03-29,Entertainment,981.16
2021-03-30,Entertainment,1361.62
2021-03-30,Groceries,705.73
2021-03-31,Groceries,1034.66
2021-03-31,Transport,487.74
2021-03-31,Groceries,1953.91
2021-03-31,Medical,3520.99
2021-04-01,Rent,11752.674564408842
2021-04-01,Groceries,1839.67
2021-04-01,Dining,1147.29
2021-04-02,Dining,1059.37
2021-04-02,Groceries,247.46
2021-04-03,Entertainment,633.25
2021-04-03,Medical,4226.38
2021-04-03,Dining,642.13
2021-04-04,Groceries,1756.5
2021-04-05,Transport,146.87
2021-04-05,Medical,3070.26
2021-04-05,Groceries,1409.06
2021-04-05,Entertainment,601.43
2021-04-05,Groceries,1408.83
2021-04-05,Entertainment,1181.25
2021-04-05,Entertainment,1293.05
2021-04-06,Groceries,251.81
2021-04-06,Dining,801.33
2021-04-06,Utilities,1032.41
2021-04-09,Transport,378.11
2021-04-10,Dining,566.37
2021-04-10,Entertainment,1307.31
2021-04-11,Dining,666.72
2021-04-12,Medical,2513.83
2021-04-13,Groceries,336.55
2021-04-18,Transport,722.59
2021-04-19,Groceries,273.56
2021-04-19,Groceries,701.46
2021-04-23,Transport,427.56
2021-04-24,Dining,809.3
2021-04-26,Groceries,1651.16
2021-04-26,Utilities,961.3
2021-04-28,Entertainment,616.48
2021-04-29,Groceries,1484.03
2021-04-29,Dining,687.26
2021-04-30,Transport,449.46
2021-05-01,Rent,9697.293525443107
2021-05-01,Groceries,779.74
2021-05-03,Dining,773.27
2021-05-04,Entertainment,921.58
2021-05-04,Utilities,1579.15
2021-05-04,Groceries,710.8
2021-05-05,Transport,789.89
2021-05-05,Entertainment,432.12
2021-05-08,Groceries,713.17
2021-05-10,Entertainment,674.56
2021-05-11,Transport,777.1
2021-05-12,Groceries,1403.56
2021-05-12,Dining,734.6
2021-05-13,Dining,346.4
2021-05-14,Entertainment,439.37
2021-05-16,Entertainment,316.11
2021-05-17,Transport,150.81
2021-05-17,Groceries,1981.93
2021-05-18,Utilities,2400.57
2021-05-18,Entertainment,760.21
2021-05-19,Dining,1022.15
2021-05-20,Utilities,2845.85
2021-05-23,Dining,361.71
2021-05-23,Groceries,495.68
2021-05-23,Dining,848.46
2021-05-24,Dining,562.07
2021-05-25,Transport,276.03
2021-05-25,Utilities,1756.8
2021-05-26,Transport,457.66
2021-05-27,Dining,809.09
2021-05-27,Transport,154.45
2021-05-28,Groceries,761.1
2021-05-28,Groceries,1539.1
2021-05-28,Groceries,1225.8
2021-05-28,Dining,1070.6
2021-05-29,Dining,283.86
2021-05-29,Transport,647.97
2021-05-31,Utilities,2102.87
2021-06-01,Rent,12857.6391112697
2021-06-01,Transport,186.2
2021-06-02,Transport,760.46
2021-06-02,Groceries,1255.21
2021-06-03,Dining,1128.72
2021-06-03,Entertainment,1075.31
2021-06-04,Entertainment,949.4
2021-06-04,Transport,602.33
2021-06-05,Medical,4210.6
2021-06-05,Groceries,1857.52
2021-06-05,Dining,694.78
2021-06-06,Transport,652.14
2021-06-06,Groceries,800.3
2021-06-07,Dining,513.66
2021-06-08,Groceries,1014.39
2021-06-08,Groceries,517.5
2021-06-09,Dining,530.51
2021-06-10,Utilities,945.09
2021-06-10,Medical,828.45
2021-06-11,Medical,2560.76
2021-06-12,Utilities,1024.76
2021-06-13,Groceries,265.79
2021-06-14,Dining,625.95
2021-06-14,Entertainment,717.07
2021-06-15,Groceries,1751.21
2021-06-15,Dining,541.97
2021-06-16,Transport,69.04
2021-06-18,Groceries,615.93
2021-06-18,Utilities,549.28
2021-06-20,Utilities,1095.46
2021-06-22,Dining,1021.73
2021-06-23,Groceries,1813.4
2021-06-23,Groceries,353.92
2021-06-27,Dining,508.91
2021-06-27,Groceries,883.45
2021-06-28,Entertainment,673.18
2021-06-29,Dining,951.79
2021-06-29,Groceries,1763.24
2021-06-30,Groceries,683.62
2021-06-30,Entertainment,986.87
2021-06-30,Groceries,450.84
2021-07-01,Rent,13844.511657595094
2021-07-01,Groceries,233.1
2021-07-01,Dining,273.64
2021-07-02,Entertainment,1011.99
2021-07-03,Groceries,446.39
2021-07-04,Groceries,1845.94
2021-07-04,Transport,337.35
2021-07-04,Entertainment,165.75
2021-07-04,Groceries,1528.46
2021-07-06,Transport,266.52
2021-07-07,Entertainment,766.47
2021-07-07,Utilities,2842.07
2021-07-08,Groceries,672.08
2021-07-09,Transport,497.63
2021-07-10,Groceries,1510.74
2021-07-10,Transport,566.3
2021-07-11,Dining,989.39
2021-07-12,Entertainment,605.36
2021-07-14,Medical,2285.43
2021-07-16,Utilities,2622.99
2021-07-16,Groceries,1080.96
2021-07-16,Groceries,1977.8
2021-07-16,Dining,191.4
2021-07-17,Entertainment,1381.68
2021-07-17,Groceries,1455.36
2021-07-18,Dining,1036.78
2021-07-18,Transport,671.69
2021-07-18,Groceries,1273.29
2021-07-18,Groceries,417.02
2021-07-20,Groceries,767.52
2021-07-20,Entertainment,1207.01
2021-07-21,Dining,796.66
2021-07-22,Dining,172.33
2021-07-23,Dining,572.03
2021-07-23,Transport,520.63
2021-07-23,Dining,1183.29
2021-07-23,Dining,588.66
2021-07-23,Transport,603.19
2021-07-24,Transport,265.43
2021-07-25,Groceries,232.17
2021-07-26,Utilities,1045.63
2021-07-26,Dining,975.66
2021-07-28,Entertainment,333.85
2021-07-28,Medical,1235.19
2021-07-28,Dining,832.13
2021-07-29,Groceries,596.88
2021-07-29,Groceries,1603.25
2021-07-30,Medical,4430.55
2021-07-31,Transport,618.68
2021-07-31,Utilities,884.74
2021-08-01,Rent,13710.831874934325
2021-08-01,Entertainment,930.12
2021-08-02,Dining,428.88
2021-08-04,Groceries,935.22
2021-08-04,Transport,244.82
2021-08-04,Utilities,1739.69
2021-08-04,Groceries,596.33
2021-08-04,Utilities,690.33
2021-08-05,Entertainment,1254.55
2021-08-05,Transport,558.51
2021-08-06,Dining,987.3
2021-08-07,Utilities,2046.53
2021-08-07,Dining,316.54
2021-08-07,Dining,1065.44
2021-08-07,Groceries,1686.47
2021-08-07,Groceries,803.21
2021-08-08,Dining,1023.74
2021-08-09,Groceries,1310.47
2021-08-10,Entertainment,855.98
2021-08-10,Dining,262.33
2021-08-11,Entertainment,1404.84
2021-08-11,Groceries,1887.01
2021-08-11,Utilities,669.59
2021-08-12,Groceries,1247.91
2021-08-13,Groceries,1768.77
2021-08-14,Dining,175.82
2021-08-14,Groceries,782.5
2021-08-14,Transport,627.81
2021-08-15,Medical,2188.29
2021-08-15,Transport,172.72
2021-08-16,Groceries,1424.9
2021-08-16,Utilities,1183.15
2021-08-17,Transport,757.71
2021-08-18,Groceries,1971.16
2021-08-18,Transport,720.57
2021-08-19,Groceries,1373.0
2021-08-20,Medical,1009.08
2021-08-20,Dining,965.43
2021-08-21,Groceries,1857.53
2021-08-21,Entertainment,1215.15
2021-08-21,Transport,137.98
2021-08-21,Groceries,1434.02
2021-08-22,Transport,98.16
2021-08-23,Dining,475.88
2021-08-24,Groceries,906.49
2021-08-25,Utilities,2650.31
2021-08-25,Dining,191.6
2021-08-26,Groceries,1975.99
2021-08-28,Entertainment,113.68
2021-08-28,Transport,438.28
2021-08-30,Groceries,914.46
2021-09-01,Rent,11972.785937830908
2021-09-01,Groceries,388.22
2021-09-01,Entertainment,1089.07
2021-09-03,Entertainment,1092.68
2021-09-04,Dining,234.12
2021-09-04,Dining,724.97
2021-09-04,Dining,624.93
2021-09-05,Groceries,644.79
2021-09-05,Groceries,1769.21
2021-09-05,Groceries,1956.56
2021-09-06,Dining,841.64
2021-09-07,Groceries,1993.4
2021-09-07,Medical,3286.6
2021-09-09,Groceries,663.83
2021-09-10,Transport,309.45
2021-09-10,Transport,790.74
2021-09-10,Groceries,1760.66
2021-09-11,Transport,705.07
2021-09-11,Dining,592.81
2021-09-12,Dining,371.2
2021-09-13,Utilities,2772.58
2021-09-13,Groceries,627.58
2021-09-13,Medical,986.79
2021-09-14,Dining,617.57
2021-09-14,Entertainment,602.93
2021-09-15,Transport,777.06
2021-09-16,Transport,630.1
2021-09-18,Groceries,505.56
2021-09-18,Entertainment,571.8
2021-09-19,Entertainment,1089.49
2021-09-19,Groceries,501.71
2021-09-21,Dining,764.62
2021-09-21,Dining,366.13
2021-09-21,Groceries,685.55
2021-09-23,Groceries,1013.96
2021-09-23,Dining,481.96
2021-09-24,Groceries,1975.93
2021-09-25,Medical,3231.69
2021-09-26,Transport,550.15
2021-09-26,Groceries,253.95
2021-09-27,Groceries,1412.18
2021-09-28,Utilities,1609.38
2021-09-29,Utilities,2595.29
2021-09-30,Dining,749.14
2021-09-30,Groceries,1875.71
2021-09-30,Utilities,2191.28
2021-10-01,Rent,9509.72606678402
2021-10-01,Groceries,1384.12
2021-10-01,Medical,336.24
2021-10-02,Utilities,2696.29
2021-10-02,Transport,295.27
2021-10-02,Utilities,2519.61
2021-10-02,Dining,987.7
2021-10-03,Entertainment,108.06
2021-10-03,Transport,324.85
2021-10-04,Transport,228.16
2021-10-04,Transport,220.45
2021-10-06,Transport,697.5
2021-10-06,Entertainment,770.85
2021-10-06,Groceries,814.25
2021-10-07,Entertainment,847.04
2021-10-08,Groceries,213.61
2021-10-08,Entertainment,1357.24
2021-10-08,Groceries,1868.66
2021-10-08,Groceries,1881.98
2021-10-08,Transport,126.07
2021-10-09,Groceries,753.12
2021-10-10,Entertainment,1102.61
2021-10-10,Groceries,944.39
2021-10-13,Entertainment,1092.66
2021-10-15,Medical,2469.37
2021-10-16,Entertainment,1431.96
2021-10-16,Entertainment,1246.86
2021-10-17,Groceries,1299.77
2021-10-18,Groceries,1604.95
2021-10-18,Groceries,1680.71
2021-10-18,Transport,550.66
2021-10-20,Groceries,1526.37
2021-10-20,Dining,377.58
2021-10-23,Groceries,903.63
2021-10-23,Entertainment,795.47
2021-10-24,Utilities,1510.8
2021-10-25,Medical,729.13
2021-10-25,Groceries,1503.81
2021-10-26,Groceries,354.18
2021-10-27,Transport,219.99
2021-10-28,Entertainment,194.66
2021-10-29,Entertainment,1332.11
2021-10-30,Transport,552.12
2021-10-30,Medical,3343.01
2021-10-31,Groceries,1212.13
2021-10-31,Medical,958.98
2021-11-01,Rent,12830.03423574466
2021-11-02,Transport,617.12
2021-11-03,Dining,396.37
2021-11-03,Transport,164.31
2021-11-04,Entertainment,224.77
2021-11-04,Dining,284.1
2021-11-04,Dining,971.13
2021-11-04,Utilities,590.4
2021-11-05,Transport,115.73
2021-11-06,Transport,385.4
2021-11-06,Entertainment,821.95
2021-11-07,Dining,272.18
2021-11-07,Dining,549.65
2021-11-07,Dining,1061.46
2021-11-07,Dining,979.53
2021-11-08,Transport,180.14
2021-11-09,Dining,289.15
2021-11-09,Dining,1118.9
2021-11-09,Transport,504.69
2021-11-10,Entertainment,658.13
2021-11-12,Groceries,443.3
2021-11-13,Transport,429.61
2021-11-13,Transport,129.25
2021-11-13,Entertainment,402.45
2021-11-14,Groceries,1605.37
2021-11-14,Transport,93.62
2021-11-15,Utilities,2959.2
2021-11-16,Groceries,745.9
2021-11-18,Entertainment,1495.38
2021-11-19,Entertainment,837.86
2021-11-19,Transport,148.03
2021-11-20,Transport,360.6
2021-11-20,Dining,920.3
2021-11-21,Transport,411.01
2021-11-23,Groceries,1163.56
2021-11-26,Medical,2490.48
2021-11-26,Groceries,1186.33
2021-11-27,Transport,162.54
2021-11-27,Transport,603.02
2021-11-28,Transport,394.59
2021-11-29,Utilities,1594.01
2021-11-29,Groceries,1713.57
2021-11-29,Groceries,1823.17
2021-11-29,Transport,527.9
2021-11-30,Entertainment,310.24
2021-11-30,Utilities,1780.55
2021-11-30,Utilities,604.18
2021-11-30,Groceries,1489.38
2021-12-01,Rent,8504.590351990713
2021-12-03,Transport,630.99
2021-12-03,Utilities,962.99
2021-12-03,Groceries,377.11
2021-12-04,Groceries,347.91
2021-12-04,Medical,1547.68
2021-12-05,Groceries,418.5
2021-12-05,Entertainment,1184.49
2021-12-06,Medical,4013.7
2021-12-06,Groceries,1963.95
2021-12-07,Utilities,820.24
2021-12-07,Transport,746.06
2021-12-07,Groceries,869.9
2021-12-08,Entertainment,1420.31
2021-12-09,Groceries,1796.46
2021-12-10,Dining,1054.44
2021-12-11,Dining,633.57
2021-12-11,Dining,914.92
2021-12-12,Entertainment,1478.54
2021-12-12,Dining,195.33
2021-12-15,Entertainment,1276.98
2021-12-15,Utilities,1855.59
2021-12-16,Entertainment,1064.44
2021-12-16,Dining,818.11
2021-12-17,Transport,57.0
2021-12-18,Medical,585.97
2021-12-19,Entertainment,1126.3
2021-12-19,Entertainment,363.23
2021-12-20,Groceries,1569.78
2021-12-20,Groceries,1542.32
2021-12-22,Groceries,750.09
2021-12-22,Dining,1196.15
2021-12-23,Utilities,2715.49
2021-12-24,Utilities,508.05
2021-12-24,Entertainment,597.69
2021-12-25,Entertainment,773.36
2021-12-26,Entertainment,886.08
2021-12-27,Groceries,1685.09
2021-12-27,Transport,107.79
2021-12-27,Groceries,801.63
2021-12-28,Groceries,790.75
2021-12-28,Transport,116.45
2021-12-28,Groceries,1276.81
2021-12-28,Utilities,2995.87
2021-12-29,Dining,274.25
2021-12-29,Transport,679.85
2021-12-29,Transport,478.9
2021-12-30,Transport,300.88
2022-01-01,Rent,8169.342347239487
2022-01-01,Groceries,1893.22
2022-01-01,Groceries,973.38
2022-01-02,Dining,631.1
2022-01-02,Transport,150.11
2022-01-04,Utilities,2413.78
2022-01-04,Groceries,1298.41
2022-01-06,Groceries,707.94
2022-01-06,Groceries,644.56
2022-01-06,Dining,412.02
2022-01-07,Transport,632.53
2022-01-09,Groceries,1831.59
2022-01-11,Transport,724.88
2022-01-13,Transport,245.12
2022-01-13,Utilities,2953.24
2022-01-13,Groceries,1377.51
2022-01-13,Groceries,1217.59
2022-01-14,Groceries,472.24
2022-01-14,Groceries,651.74
2022-01-14,Dining,739.28
2022-01-15,Dining,908.96
2022-01-17,Transport,413.52
2022-01-17,Groceries,1902.26
2022-01-18,Utilities,1863.58
2022-01-18,Groceries,1122.5
2022-01-18,Dining,632.2
2022-01-20,Groceries,496.47
2022-01-21,Groceries,1780.09
2022-01-21,Dining,1064.11
2022-01-22,Medical,3882.86
2022-01-25,Groceries,1382.2
2022-01-25,Dining,549.44
2022-01-25,Dining,1162.7
2022-01-27,Dining,756.47
2022-01-28,Dining,709.68
2022-01-28,Groceries,1452.62
2022-01-29,Dining,440.75
2022-01-29,Medical,789.49
2022-02-01,Rent,14257.927970055092
2022-02-01,Transport,511.47
2022-02-03,Medical,3372.81
2022-02-03,Entertainment,332.34
2022-02-03,Dining,598.86
2022-02-03,Groceries,222.69
2022-02-04,Dining,233.38
2022-02-04,Utilities,968.53
2022-02-05,Transport,666.23
2022-02-05,Transport,318.35
2022-02-05,Transport,671.19
2022-02-05,Transport,180.32
2022-02-06,Groceries,455.55
2022-02-06,Transport,387.76
2022-02-07,Dining,644.85
2022-02-07,Medical,3207.3
2022-02-07,Groceries,1417.12
2022-02-08,Groceries,514.79
2022-02-09,Dining,443.24
2022-02-10,Groceries,259.74
2022-02-10,Transport,539.87
2022-02-10,Dining,1064.76
2022-02-11,Dining,854.27
2022-02-11,Entertainment,255.39
2022-02-11,Transport,395.27
2022-02-12,Medical,642.53
2022-02-12,Transport,81.52
2022-02-13,Dining,456.83
2022-02-13,Dining,941.66
2022-02-14,Medical,3660.69
2022-02-15,Dining,268.21
2022-02-15,Utilities,1851.75
2022-02-17,Transport,275.95
2022-02-18,Groceries,1537.75
2022-02-20,Groceries,631.12
2022-02-20,Dining,186.4
2022-02-20,Entertainment,1493.61
2022-02-20,Dining,697.52
2022-02-20,Groceries,1696.47
2022-02-21,Groceries,1837.33
2022-02-22,Transport,287.71
2022-02-22,Transport,630.41
2022-02-22,Entertainment,1349.53
2022-02-22,Transport,505.32
2022-02-23,Entertainment,245.91
2022-02-23,Transport,415.75
2022-02-23,Utilities,2876.33
2022-02-24,Groceries,657.9
2022-02-24,Transport,404.37
2022-02-24,Groceries,452.04
2022-02-25,Transport,197.07
2022-02-25,Entertainment,492.96
2022-02-27,Groceries,594.32
2022-03-01,Rent,8756.18027891484
2022-03-01,Entertainment,510.88
2022-03-01,Dining,566.87
2022-03-03,Transport,430.56
2022-03-04,Groceries,910.24
2022-03-04,Transport,358.27
2022-03-04,Dining,899.73
2022-03-04,Entertainment,533.12
2022-03-05,Entertainment,171.59
2022-03-05,Groceries,307.14
2022-03-05,Entertainment,1061.23
2022-03-07,Transport,140.77
2022-03-08,Groceries,838.59
2022-03-08,Dining,852.0
2022-03-09,Groceries,1344.97
2022-03-09,Dining,793.2
2022-03-10,Dining,219.77
2022-03-10,Entertainment,298.99
2022-03-12,Transport,482.9
2022-03-15,Utilities,2130.73
2022-03-16,Groceries,751.36
2022-03-16,Dining,618.74
2022-03-16,Dining,1013.54
2022-03-17,Entertainment,619.64
2022-03-17,Entertainment,1087.82
2022-03-17,Utilities,1436.38
2022-03-19,Dining,513.17
2022-03-22,Groceries,937.33
2022-03-22,Transport,557.84
2022-03-23,Groceries,1978.46
2022-03-24,Transport,70.65
2022-03-24,Entertainment,1449.62
2022-03-25,Groceries,898.38
2022-03-28,Dining,271.95
2022-03-28,Medical,1638.44
2022-03-29,Medical,2008.46
2022-03-29,Transport,305.29
2022-03-29,Entertainment,315.8
2022-03-29,Entertainment,858.39
2022-03-30,Groceries,550.32
2022-03-30,Groceries,816.41
2022-03-30,Groceries,1939.55
2022-03-31,Entertainment,294.88
2022-04-01,Rent,11108.30624441542
2022-04-01,Medical,4413.54
2022-04-01,Entertainment,897.13
2022-04-02,Transport,79.59
2022-04-03,Medical,4556.33
2022-04-03,Utilities,1833.47
2022-04-04,Dining,281.06
2022-04-05,Dining,1141.24
2022-04-07,Dining,768.17
2022-04-07,Transport,264.34
2022-04-09,Transport,482.96
2022-04-09,Dining,1179.78
2022-04-10,Medical,1082.33
2022-04-10,Groceries,1737.13
2022-04-10,Transport,685.23
2022-04-11,Dining,620.74
2022-04-12,Transport,565.79
2022-04-12,Utilities,2231.33
2022-04-12,Groceries,738.91
2022-04-13,Groceries,1923.41
2022-04-13,Groceries,1996.08
2022-04-14,Groceries,1528.17
2022-04-14,Dining,927.5
2022-04-16,Groceries,1077.73
2022-04-16,Groceries,933.58
2022-04-16,Transport,99.51
2022-04-16,Transport,133.25
2022-04-16,Dining,1145.07
2022-04-18,Groceries,1101.12
2022-04-18,Dining,892.44
2022-04-21,Groceries,705.81
2022-04-22,Transport,219.52
2022-04-22,Entertainment,1470.57
2022-04-22,Entertainment,600.94
2022-04-22,Entertainment,272.09
2022-04-23,Entertainment,974.7
2022-04-23,Groceries,1428.71
2022-04-24,Dining,994.16
2022-04-25,Dining,434.98
2022-04-25,Transport,263.21
2022-04-27,Utilities,1293.97
2022-04-29,Groceries,1472.56
2022-05-01,Rent,13875.369446492015
2022-05-02,Transport,126.42
2022-05-03,Dining,479.02
2022-05-04,Medical,537.52
2022-05-04,Utilities,1734.54
2022-05-04,Transport,524.53
2022-05-04,Utilities,510.91
2022-05-06,Groceries,1607.28
2022-05-06,Entertainment,167.46
2022-05-06,Transport,767.6
2022-05-06,Entertainment,705.82
2022-05-06,Transport,206.66
2022-05-06,Transport,327.36
2022-05-08,Utilities,1680.7
2022-05-08,Dining,376.53
2022-05-08,Utilities,2019.38
2022-05-08,Groceries,445.88
2022-05-09,Entertainment,653.18
2022-05-09,Utilities,998.04
2022-05-10,Groceries,400.72
2022-05-10,Entertainment,474.63
2022-05-11,Transport,303.01
2022-05-14,Transport,448.2
2022-05-15,Transport,772.62
2022-05-16,Dining,961.57
2022-05-16,Entertainment,1466.42
2022-05-19,Groceries,231.59
2022-05-19,Groceries,1591.66
2022-05-20,Transport,51.02
2022-05-21,Medical,4250.6
2022-05-23,Transport,99.27
2022-05-23,Groceries,643.89
2022-05-23,Transport,610.58
2022-05-23,Transport,93.38
2022-05-24,Transport,219.04
2022-05-24,Groceries,453.45
2022-05-24,Entertainment,1193.85
2022-05-24,Entertainment,305.75
2022-05-24,Dining,817.75
2022-05-24,Transport,555.6
2022-05-25,Dining,455.03
2022-05-26,Groceries,214.11
2022-05-26,Entertainment,726.74
2022-05-26,Groceries,1924.28
2022-05-27,Entertainment,1051.47
2022-05-29,Transport,459.93
2022-05-30,Groceries,1001.97
2022-06-01,Rent,8349.853200617752
2022-06-01,Medical,1064.94
2022-06-01,Medical,4974.61
2022-06-01,Utilities,2952.86
2022-06-01,Entertainment,463.36
2022-06-02,Entertainment,1473.65
2022-06-02,Groceries,1626.67
2022-06-03,Transport,588.75
2022-06-03,Groceries,1353.11
2022-06-03,Utilities,906.75
2022-06-03,Entertainment,1180.28
2022-06-03,Transport,59.08
2022-06-03,Groceries,842.65
2022-06-04,Entertainment,410.91
2022-06-05,Groceries,971.66
2022-06-05,Groceries,1065.6
2022-06-06,Groceries,916.11
2022-06-07,Dining,540.31
2022-06-07,Transport,615.7
2022-06-08,Dining,413.55
2022-06-08,Entertainment,602.01
2022-06-08,Utilities,1101.0
2022-06-10,Entertainment,409.19
2022-06-14,Transport,485.07
2022-06-14,Entertainment,1162.29
2022-06-14,Groceries,835.49
2022-06-15,Transport,203.51
2022-06-15,Entertainment,360.59
2022-06-15,Transport,691.27
2022-06-15,Groceries,328.08
2022-06-15,Groceries,1893.41
2022-06-16,Dining,1027.62
2022-06-17,Utilities,878.99
2022-06-17,Dining,716.05
2022-06-18,Groceries,430.16
2022-06-19,Transport,441.88
2022-06-21,Transport,277.96
2022-06-22,Utilities,2917.11
2022-06-23,Utilities,2621.06
2022-06-24,Transport,584.47
2022-06-25,Transport,726.46
2022-06-26,Utilities,696.14
2022-06-26,Entertainment,1093.05
2022-06-26,Groceries,1605.14
2022-06-26,Entertainment,1433.11
2022-06-28,Groceries,1485.96
2022-06-29,Entertainment,812.45
2022-06-30,Utilities,1654.29
2022-06-30,Dining,879.33
2022-06-30,Utilities,2654.23
2022-07-01,Rent,9918.501125395336
2022-07-01,Transport,301.71
2022-07-02,Transport,172.28
2022-07-02,Dining,921.17
2022-07-02,Transport,68.9
2022-07-02,Dining,161.99
2022-07-02,Utilities,2925.64
2022-07-02,Transport,226.23
2022-07-03,Entertainment,1105.84
2022-07-03,Dining,338.22
2022-07-03,Dining,730.34
2022-07-03,Transport,148.79
2022-07-04,Transport,267.53
2022-07-05,Entertainment,900.44
2022-07-05,Dining,1101.39
2022-07-05,Groceries,1413.24
2022-07-07,Transport,314.72
2022-07-08,Utilities,1511.32
2022-07-10,Utilities,1331.14
2022-07-10,Groceries,873.06
2022-07-11,Transport,613.2
2022-07-11,Groceries,700.13
2022-07-11,Groceries,977.63
2022-07-11,Medical,430.76
2022-07-12,Medical,655.19
2022-07-13,Transport,309.89
2022-07-13,Transport,248.21
2022-07-15,Groceries,1382.16
2022-07-16,Groceries,1912.56
2022-07-16,Groceries,365.72
2022-07-17,Groceries,1937.03
2022-07-17,Groceries,1416.85
2022-07-17,Utilities,2025.02
2022-07-18,Entertainment,1312.53
2022-07-19,Groceries,1900.53
2022-07-20,Entertainment,1081.6
2022-07-20,Utilities,1520.38
2022-07-22,Transport,768.19
2022-07-23,Utilities,2942.52
2022-07-23,Groceries,214.98
2022-07-24,Utilities,2786.37
2022-07-25,Transport,592.59
2022-07-27,Utilities,728.48
2022-07-27,Groceries,1779.45
2022-07-27,Utilities,534.36
2022-07-28,Groceries,645.61
2022-07-30,Utilities,702.87
2022-07-30,Medical,4208.61
2022-07-31,Entertainment,1140.03
2022-07-31,Utilities,1803.62
2022-07-31,Groceries,868.0
2022-07-31,Dining,763.67
2022-08-01,Rent,11768.323602789995
2022-08-01,Dining,849.79
2022-08-02,Utilities,1569.0
2022-08-02,Transport,536.99
2022-08-02,Dining,217.21
2022-08-03,Groceries,741.88
2022-08-03,Entertainment,178.65
2022-08-04,Dining,580.15
2022-08-04,Utilities,1150.59
2022-08-09,Groceries,757.65
2022-08-09,Groceries,1127.01
2022-08-09,Entertainment,599.64
2022-08-09,Transport,671.42
2022-08-10,Medical,1701.04
2022-08-10,Transport,429.23
2022-08-11,Transport,465.03
2022-08-11,Entertainment,371.41
2022-08-12,Entertainment,324.51
2022-08-12,Utilities,948.13
2022-08-12,Utilities,1074.0
2022-08-12,Groceries,497.51
2022-08-12,Groceries,1493.73
2022-08-13,Groceries,234.43
2022-08-13,Groceries,1803.54
2022-08-14,Groceries,600.25
2022-08-15,Groceries,903.86
2022-08-15,Groceries,595.2
2022-08-16,Transport,455.68
2022-08-16,Utilities,2255.37
2022-08-16,Groceries,1100.2
2022-08-17,Groceries,1290.15
2022-08-17,Groceries,806.97
2022-08-17,Groceries,1445.73
2022-08-19,Entertainment,686.98
2022-08-19,Groceries,1626.96
2022-08-21,Utilities,1133.18
2022-08-21,Groceries,1502.2
2022-08-22,Transport,643.67
2022-08-22,Transport,187.58
2022-08-22,Dining,1076.69
2022-08-22,Transport,106.77
2022-08-23,Groceries,1779.23
2022-08-23,Transport,456.32
2022-08-23,Medical,426.17
2022-08-24,Transport,652.86
2022-08-25,Groceries,830.94
2022-08-25,Transport,101.54
2022-08-25,Transport,398.18
2022-08-26,Groceries,1391.03
2022-08-26,Transport,53.99
2022-08-26,Dining,961.45
2022-08-27,Dining,762.9
2022-08-28,Utilities,2051.18
2022-08-28,Utilities,924.7
2022-08-28,Groceries,1802.74
2022-08-28,Utilities,2770.57
2022-08-29,Entertainment,319.07
2022-08-29,Transport,587.3
2022-08-29,Groceries,564.06
2022-08-29,Transport,231.13
2022-08-31,Groceries,338.55
2022-08-31,Utilities,1457.0
2022-09-01,Rent,13752.816626097514
2022-09-01,Utilities,1160.15
2022-09-01,Dining,818.19
2022-09-02,Groceries,1450.35
2022-09-04,Utilities,2537.35
2022-09-05,Groceries,1458.11
2022-09-05,Transport,374.26
2022-09-07,Dining,405.57
2022-09-08,Utilities,1307.57
2022-09-09,Dining,411.46
2022-09-09,Entertainment,194.16
2022-09-09,Groceries,1998.01
2022-09-09,Transport,611.14
2022-09-09,Dining,1050.92
2022-09-10,Transport,147.56
2022-09-10,Groceries,848.77
2022-09-11,Utilities,1080.05
2022-09-11,Groceries,1575.84
2022-09-12,Dining,800.5
2022-09-12,Entertainment,974.46
2022-09-13,Transport,580.55
2022-09-13,Transport,221.66
2022-09-13,Entertainment,1399.45
2022-09-13,Dining,509.0
2022-09-14,Medical,4907.48
2022-09-15,Groceries,1018.58
2022-09-15,Utilities,2193.83
2022-09-15,Transport,756.27
2022-09-17,Groceries,481.17
2022-09-17,Entertainment,939.02
2022-09-17,Groceries,1469.25
2022-09-18,Groceries,1602.38
2022-09-18,Entertainment,1079.5
2022-09-18,Dining,992.95
2022-09-19,Groceries,1230.69
2022-09-19,Groceries,1858.35
2022-09-19,Entertainment,929.98
2022-09-20,Groceries,962.0
2022-09-22,Dining,1080.4
2022-09-22,Groceries,1527.37
2022-09-22,Groceries,1644.75
2022-09-22,Medical,247.13
2022-09-23,Groceries,803.5
2022-09-23,Groceries,1955.62
2022-09-23,Dining,1045.17
2022-09-23,Dining,239.36
2022-09-24,Groceries,612.86
2022-09-25,Groceries,501.48
2022-09-27,Dining,492.57
2022-09-27,Groceries,618.51
2022-09-27,Groceries,661.63
2022-09-27,Transport,555.5
2022-09-30,Transport,698.49
2022-10-01,Rent,9084.4771780041
2022-10-02,Entertainment,1225.33
2022-10-04,Entertainment,483.1
2022-10-04,Transport,111.7
2022-10-05,Dining,209.83
2022-10-06,Utilities,1935.72
2022-10-07,Entertainment,1276.15
2022-10-07,Medical,4458.64
2022-10-07,Transport,196.37
2022-10-08,Transport,678.67
2022-10-08,Transport,694.85
2022-10-09,Transport,621.84
2022-10-12,Entertainment,911.04
2022-10-13,Entertainment,621.04
2022-10-13,Utilities,853.06
2022-10-14,Groceries,593.68
2022-10-16,Medical,2899.18
2022-10-16,Groceries,874.19
2022-10-17,Entertainment,1283.17
2022-10-17,Dining,333.88
2022-10-18,Groceries,1773.33
2022-10-19,Groceries,1767.2
2022-10-20,Transport,313.41
2022-10-20,Groceries,1075.03
2022-10-20,Dining,192.06
2022-10-21,Groceries,1835.18
2022-10-22,Dining,312.22
2022-10-23,Entertainment,1499.38
2022-10-24,Groceries,568.01
2022-10-24,Transport,432.94
2022-10-24,Entertainment,1374.85
2022-10-25,Groceries,1192.09
2022-10-25,Transport,679.39
2022-10-28,Groceries,1504.28
2022-10-30,Groceries,883.55
2022-10-31,Dining,398.78
2022-10-31,Utilities,1914.45
2022-10-31,Dining,556.69
2022-11-01,Rent,8463.156321841083
2022-11-02,Transport,72.58
2022-11-02,Medical,3372.55
2022-11-02,Dining,428.77
2022-11-03,Dining,1144.52
2022-11-03,Dining,926.02
2022-11-04,Medical,150.39
2022-11-05,Transport,109.2
2022-11-05,Transport,245.79
2022-11-05,Transport,675.93
2022-11-05,Dining,345.02
2022-11-06,Groceries,493.02
2022-11-06,Entertainment,310.66
2022-11-07,Groceries,1047.73
2022-11-07,Utilities,2377.94
2022-11-08,Groceries,582.41
2022-11-08,Utilities,1527.99
2022-11-08,Transport,713.44
2022-11-08,Dining,1104.63
2022-11-08,Transport,568.29
2022-11-09,Groceries,815.79
2022-11-10,Utilities,1828.64
2022-11-10,Groceries,1087.08
2022-11-11,Transport,173.3
2022-11-13,Utilities,2146.65
2022-11-13,Dining,1012.03
2022-11-14,Transport,58.11
2022-11-14,Dining,991.03
2022-11-14,Groceries,1238.34
2022-11-15,Medical,1152.01
2022-11-17,Utilities,1830.73
2022-11-17,Groceries,510.54
2022-11-18,Dining,1009.68
2022-11-19,Transport,87.76
2022-11-19,Groceries,1445.62
2022-11-19,Transport,219.89
2022-11-20,Entertainment,602.89
2022-11-21,Transport,654.29
2022-11-21,Transport,206.79
2022-11-21,Groceries,1040.05
2022-11-22,Transport,656.3
2022-11-22,Dining,553.84
2022-11-23,Dining,274.58
2022-11-24,Transport,355.81
2022-11-24,Groceries,1381.54
2022-11-24,Medical,2854.73
2022-11-25,Transport,137.27
2022-11-26,Transport,463.0
2022-11-26,Transport,675.23
2022-11-26,Dining,792.42
2022-11-27,Groceries,838.82
2022-11-28,Groceries,911.47
2022-11-28,Groceries,482.26
2022-11-29,Transport,176.15
2022-11-30,Entertainment,1124.08
2022-11-30,Medical,1180.19
2022-12-01,Rent,14203.272404905416
2022-12-01,Dining,707.86
2022-12-01,Utilities,1571.14
2022-12-01,Utilities,2561.18
2022-12-01,Groceries,1699.27
2022-12-02,Transport,736.3
2022-12-02,Groceries,1719.58
2022-12-03,Entertainment,555.3
2022-12-03,Groceries,689.6
2022-12-05,Utilities,2513.58
2022-12-05,Dining,570.22
2022-12-05,Dining,429.22
2022-12-05,Medical,226.27
2022-12-06,Dining,340.24
2022-12-06,Entertainment,411.75
2022-12-06,Transport,459.84
2022-12-07,Groceries,952.66
2022-12-08,Transport,125.18
2022-12-08,Groceries,1391.09
2022-12-09,Groceries,242.67
2022-12-10,Groceries,1763.14
2022-12-10,Dining,590.61
2022-12-13,Entertainment,115.82
2022-12-13,Dining,471.75
2022-12-15,Groceries,1476.99
2022-12-15,Groceries,1827.64
2022-12-15,Transport,462.4
2022-12-17,Groceries,1671.15
2022-12-17,Dining,250.13
2022-12-17,Transport,303.09
2022-12-18,Groceries,1554.44
2022-12-20,Transport,345.93
2022-12-21,Entertainment,1227.61
2022-12-22,Groceries,682.71
2022-12-23,Utilities,641.7
2022-12-25,Entertainment,463.76
2022-12-25,Dining,1090.47
2022-12-26,Transport,230.4
2022-12-27,Groceries,1528.31
2022-12-27,Transport,553.45
2022-12-27,Groceries,346.21
2022-12-27,Medical,865.39
2022-12-28,Transport,514.54
2022-12-28,Transport,370.61
2022-12-28,Transport,473.17
2022-12-28,Dining,361.6
2022-12-28,Dining,873.54
2022-12-28,Dining,734.0
2022-12-29,Dining,192.15
2022-12-30,Dining,415.68
2022-12-30,Dining,257.98
2022-12-30,Groceries,1962.47
2022-12-31,Utilities,1985.6
2022-12-31,Entertainment,1055.55
2023-01-01,Rent,12027.51421190369
2023-01-01,Dining,387.59
2023-01-02,Entertainment,1145.91
2023-01-06,Utilities,1353.3
2023-01-06,Transport,746.64
2023-01-07,Groceries,346.88
2023-01-08,Entertainment,696.96
2023-01-09,Groceries,1394.88
2023-01-10,Dining,755.73
2023-01-11,Groceries,1281.64
2023-01-11,Transport,737.95
2023-01-12,Utilities,1233.38
2023-01-13,Utilities,2864.81
2023-01-13,Groceries,202.0
2023-01-13,Groceries,592.2
2023-01-13,Utilities,2084.28
2023-01-14,Utilities,1308.83
2023-01-15,Groceries,369.95
2023-01-15,Dining,1114.32
2023-01-16,Transport,596.7
2023-01-17,Groceries,1481.85
2023-01-18,Groceries,1172.54
2023-01-19,Entertainment,631.97
2023-01-19,Entertainment,644.22
2023-01-19,Groceries,370.94
2023-01-19,Transport,122.48
2023-01-21,Medical,2955.3
2023-01-21,Dining,493.29
2023-01-21,Transport,352.03
2023-01-22,Groceries,1338.31
2023-01-22,Groceries,1241.29
2023-01-23,Utilities,2047.93
2023-01-23,Groceries,246.24
2023-01-23,Groceries,997.46
2023-01-23,Entertainment,1289.94
2023-01-26,Transport,489.17
2023-01-27,Groceries,389.87
2023-01-28,Entertainment,1248.09
2023-01-28,Groceries,1096.63
2023-01-29,Transport,510.23
2023-01-30,Entertainment,752.65
2023-01-30,Groceries,1463.13
2023-01-30,Entertainment,602.07
2023-01-30,Dining,171.98
2023-01-31,Dining,887.21
2023-02-01,Rent,10319.46553115422
2023-02-01,Transport,359.21
2023-02-01,Dining,413.42
2023-02-03,Groceries,810.75
2023-02-03,Entertainment,326.69
2023-02-04,Transport,136.36
2023-02-04,Dining,585.57
2023-02-04,Transport,544.77
2023-02-05,Dining,1137.53
2023-02-05,Entertainment,1436.39
2023-02-07,Transport,303.56
2023-02-07,Groceries,905.14
2023-02-09,Groceries,1194.26
2023-02-10,Dining,717.29
2023-02-10,Groceries,1218.53
2023-02-10,Dining,566.13
2023-02-11,Groceries,978.99
2023-02-12,Dining,942.89
2023-02-13,Transport,522.57
2023-02-13,Dining,972.64
2023-02-14,Dining,1169.49
2023-02-14,Groceries,1499.72
2023-02-16,Entertainment,1410.31
2023-02-17,Medical,522.05
2023-02-17,Dining,444.35
2023-02-17,Groceries,991.74
2023-02-17,Entertainment,633.33
2023-02-19,Groceries,996.64
2023-02-19,Groceries,1676.88
2023-02-20,Dining,732.42
2023-02-20,Dining,813.03
2023-02-21,Medical,2751.46
2023-02-21,Entertainment,408.68
2023-02-22,Groceries,1287.85
2023-02-22,Dining,699.57
2023-02-23,Groceries,995.3
2023-02-27,Transport,433.78
2023-02-28,Dining,302.59
2023-03-01,Rent,11539.877206469619
2023-03-03,Medical,338.6
2023-03-03,Groceries,279.32
2023-03-03,Groceries,1174.29
2023-03-04,Dining,1034.27
2023-03-05,Groceries,428.5
2023-03-07,Transport,792.13
2023-03-08,Transport,466.05
2023-03-08,Groceries,207.54
2023-03-09,Transport,361.58
2023-03-09,Groceries,803.67
2023-03-12,Transport,227.69
2023-03-12,Groceries,522.26
2023-03-12,Dining,861.42
2023-03-13,Groceries,829.89
2023-03-13,Dining,1192.14
2023-03-13,Groceries,1773.75
2023-03-14,Transport,357.25
2023-03-15,Dining,500.9
2023-03-16,Dining,994.37
2023-03-16,Dining,212.6
2023-03-17,Transport,461.44
2023-03-18,Medical,762.56
2023-03-19,Groceries,1908.69
2023-03-19,Dining,1102.39
2023-03-20,Transport,551.91
2023-03-21,Transport,495.34
2023-03-22,Transport,465.1
2023-03-23,Utilities,563.0
2023-03-24,Groceries,1450.92
2023-03-24,Entertainment,1214.74
2023-03-25,Groceries,670.4
2023-03-25,Transport,499.47
2023-03-26,Groceries,1093.23
2023-03-27,Groceries,1252.69
2023-03-28,Transport,118.57
2023-03-29,Entertainment,1355.2
2023-03-29,Groceries,240.62
2023-03-30,Transport,612.39
2023-03-30,Dining,750.73
2023-03-30,Groceries,683.84
2023-03-30,Groceries,644.34
2023-03-31,Entertainment,697.1
2023-04-01,Rent,12307.945458745848
2023-04-04,Groceries,920.56
2023-04-05,Entertainment,1036.43
2023-04-06,Groceries,1795.11
2023-04-06,Transport,473.44
2023-04-07,Dining,201.68
2023-04-07,Groceries,1815.29
2023-04-07,Groceries,597.17
2023-04-07,Groceries,1746.4
2023-04-07,Entertainment,1044.85
2023-04-08,Dining,478.23
2023-04-09,Medical,3263.45
2023-04-10,Dining,876.24
2023-04-10,Medical,2028.42
2023-04-12,Entertainment,537.07
2023-04-12,Transport,533.91
2023-04-12,Utilities,1080.56
2023-04-13,Groceries,1610.1
2023-04-14,Groceries,1921.33
2023-04-14,Transport,304.43
2023-04-14,Groceries,1075.11
2023-04-14,Groceries,647.37
2023-04-15,Dining,1050.09
2023-04-15,Dining,304.03
2023-04-15,Utilities,2862.56
2023-04-16,Entertainment,814.8
2023-04-16,Groceries,761.72
2023-04-17,Medical,1711.23
2023-04-17,Utilities,2379.56
2023-04-18,Groceries,1469.07
2023-04-18,Utilities,2194.31
2023-04-18,Groceries,1771.48
2023-04-21,Groceries,1705.6
2023-04-21,Entertainment,364.87
2023-04-21,Utilities,1777.78
2023-04-22,Utilities,763.5
2023-04-22,Dining,854.56
2023-04-22,Utilities,1407.46
2023-04-23,Transport,714.79
2023-04-23,Groceries,1930.55
2023-04-24,Groceries,1895.7
2023-04-24,Groceries,1595.91
2023-04-25,Groceries,1179.66
2023-04-26,Transport,440.41
2023-04-26,Transport,709.94
2023-04-27,Medical,1324.87
2023-04-27,Groceries,1393.66
2023-04-28,Dining,355.5
2023-04-28,Dining,831.18
2023-04-29,Groceries,1553.81
2023-04-30,Entertainment,1494.03
2023-05-01,Rent,11046.835957595877
2023-05-01,Groceries,953.65
2023-05-01,Groceries,200.41
2023-05-02,Groceries,321.69
2023-05-02,Utilities,2822.02
2023-05-02,Transport,139.36
2023-05-03,Transport,516.0
2023-05-04,Groceries,1989.79
2023-05-05,Groceries,270.12
2023-05-06,Transport,556.69
2023-05-06,Entertainment,1306.02
2023-05-07,Dining,633.77
2023-05-08,Entertainment,1488.99
2023-05-08,Dining,252.24
2023-05-08,Utilities,1363.95
2023-05-08,Groceries,926.27
2023-05-09,Transport,670.64
2023-05-11,Groceries,322.74
2023-05-13,Transport,332.65
2023-05-14,Groceries,1916.13
2023-05-14,Groceries,735.77
2023-05-14,Groceries,776.72
2023-05-16,Entertainment,273.38
2023-05-18,Dining,721.86
2023-05-20,Groceries,1737.1
2023-05-20,Groceries,1121.2
2023-05-21,Groceries,720.14
2023-05-21,Transport,344.99
2023-05-21,Entertainment,323.83
2023-05-21,Utilities,918.92
2023-05-21,Transport,427.51
2023-05-22,Entertainment,222.43
2023-05-22,Transport,360.14
2023-05-22,Groceries,693.18
2023-05-23,Groceries,905.99
2023-05-23,Dining,298.26
2023-05-23,Dining,264.12
2023-05-24,Entertainment,368.82
2023-05-24,Groceries,1888.52
2023-05-24,Dining,1081.84
2023-05-25,Transport,285.28
2023-05-25,Entertainment,598.34
2023-05-27,Groceries,554.04
2023-05-27,Groceries,739.82
2023-05-28,Dining,364.29
2023-05-28,Transport,650.7
2023-05-28,Groceries,397.75
2023-05-29,Groceries,1442.08
2023-05-29,Transport,91.81
2023-05-30,Transport,110.44
2023-06-01,Rent,10085.840648470907
2023-06-02,Transport,142.44
2023-06-03,Medical,1108.39
2023-06-03,Utilities,1866.69
2023-06-04,Groceries,1849.68
2023-06-04,Transport,329.06
2023-06-04,Dining,505.76
2023-06-05,Groceries,1037.07
2023-06-05,Groceries,1539.03
2023-06-05,Dining,594.96
2023-06-05,Transport,771.16
2023-06-06,Transport,732.16
2023-06-07,Transport,686.35
2023-06-07,Transport,645.45
2023-06-07,Dining,804.37
2023-06-08,Groceries,923.38
2023-06-08,Utilities,1625.88
2023-06-08,Utilities,1392.46
2023-06-09,Utilities,1864.24
2023-06-11,Transport,212.02
2023-06-12,Dining,701.3
2023-06-12,Utilities,1130.43
2023-06-12,Transport,142.59
2023-06-12,Groceries,201.7
2023-06-14,Dining,728.19
2023-06-14,Groceries,1510.61
2023-06-15,Transport,536.35
2023-06-15,Groceries,1815.32
2023-06-15,Groceries,790.12
2023-06-15,Dining,777.18
2023-06-16,Dining,507.0
2023-06-17,Dining,1039.93
2023-06-19,Utilities,1838.37
2023-06-20,Groceries,274.7
2023-06-21,Dining,850.27
2023-06-22,Groceries,295.09
2023-06-22,Utilities,803.26
2023-06-22,Transport,449.35
2023-06-22,Entertainment,940.82
2023-06-24,Dining,950.32
2023-06-24,Entertainment,368.83
2023-06-24,Utilities,2058.45
2023-06-25,Transport,439.48
2023-06-25,Groceries,1649.31
2023-06-28,Groceries,1204.71
2023-06-28,Transport,749.65
2023-06-29,Utilities,591.78
2023-06-29,Transport,302.24
2023-06-30,Entertainment,1136.93
2023-07-01,Rent,11395.125912668289
2023-07-02,Transport,371.86
2023-07-02,Groceries,391.09
2023-07-02,Dining,401.81
2023-07-04,Entertainment,266.89
2023-07-04,Groceries,294.94
2023-07-05,Groceries,988.22
2023-07-06,Transport,79.94
2023-07-07,Transport,286.65
2023-07-07,Groceries,860.24
2023-07-09,Entertainment,737.91
2023-07-09,Transport,618.33
2023-07-09,Groceries,772.47
2023-07-09,Dining,209.04
2023-07-09,Transport,734.6
2023-07-09,Entertainment,864.97
2023-07-10,Dining,737.18
2023-07-11,Groceries,1934.63
2023-07-12,Utilities,2831.42
2023-07-12,Entertainment,276.56
2023-07-13,Dining,831.12
2023-07-13,Dining,804.68
2023-07-15,Dining,948.42
2023-07-16,Groceries,1561.61
2023-07-17,Entertainment,156.47
2023-07-18,Groceries,1972.38
2023-07-22,Groceries,261.98
2023-07-22,Transport,662.49
2023-07-23,Entertainment,1378.52
2023-07-24,Dining,938.99
2023-07-24,Dining,860.45
2023-07-25,Transport,575.61
2023-07-25,Dining,1125.87
2023-07-27,Transport,262.07
2023-07-27,Transport,787.21
2023-07-28,Dining,606.26
2023-07-28,Dining,339.69
2023-07-28,Dining,379.71
2023-07-29,Entertainment,722.4
2023-07-29,Utilities,1070.83
2023-07-31,Groceries,838.64
2023-08-01,Rent,10799.88112805498
2023-08-02,Entertainment,1030.63
2023-08-02,Transport,575.82
2023-08-03,Groceries,1445.1
2023-08-04,Transport,784.27
2023-08-05,Dining,903.12
2023-08-06,Transport,339.54
2023-08-06,Medical,3516.11
2023-08-06,Groceries,1753.33
2023-08-07,Entertainment,684.03
2023-08-08,Dining,735.57
2023-08-10,Transport,693.39
2023-08-10,Transport,194.51
2023-08-12,Groceries,499.13
2023-08-12,Transport,754.94
2023-08-13,Groceries,1804.05
2023-08-13,Transport,582.25
2023-08-14,Groceries,1496.82
2023-08-15,Groceries,239.32
2023-08-16,Transport,504.42
2023-08-17,Dining,161.04
2023-08-18,Transport,341.91
2023-08-18,Dining,1088.63
2023-08-18,Transport,511.3
2023-08-19,Groceries,1925.97
2023-08-19,Groceries,1243.69
2023-08-19,Groceries,702.21
2023-08-20,Entertainment,215.6
2023-08-20,Groceries,991.21
2023-08-21,Transport,115.23
2023-08-22,Entertainment,1373.43
2023-08-22,Groceries,1659.23
2023-08-22,Dining,245.89
2023-08-24,Groceries,1009.9
2023-08-24,Utilities,2332.9
2023-08-25,Entertainment,667.9
2023-08-25,Groceries,1959.42
2023-08-26,Entertainment,1072.96
2023-08-26,Entertainment,1486.4
2023-08-26,Entertainment,619.36
2023-08-27,Transport,310.22
2023-08-28,Dining,755.31
2023-08-28,Transport,657.48
2023-08-29,Entertainment,465.19
2023-08-31,Medical,2898.88
2023-08-31,Dining,296.42
2023-09-01,Rent,11984.445241905994
2023-09-01,Groceries,1024.22
2023-09-01,Transport,700.3
2023-09-01,Groceries,1940.12
2023-09-02,Dining,1164.95
2023-09-02,Transport,290.75
2023-09-03,Utilities,629.14
2023-09-03,Groceries,895.32
2023-09-04,Transport,290.55
2023-09-06,Transport,482.41
2023-09-06,Medical,1283.85
2023-09-07,Utilities,660.24
2023-09-07,Entertainment,1135.41
2023-09-07,Groceries,1714.92
2023-09-09,Groceries,1915.95
2023-09-09,Groceries,558.37
2023-09-10,Entertainment,275.9
2023-09-11,Groceries,940.06
2023-09-12,Transport,343.19
2023-09-13,Groceries,770.43
2023-09-13,Groceries,1110.67
2023-09-13,Dining,1051.24
2023-09-14,Transport,95.68
2023-09-14,Utilities,524.57
2023-09-15,Utilities,2415.61
2023-09-16,Transport,595.26
2023-09-16,Utilities,2968.42
2023-09-17,Entertainment,1381.14
2023-09-19,Transport,300.33
2023-09-19,Entertainment,1344.6
2023-09-20,Groceries,619.15
2023-09-20,Transport,282.68
2023-09-22,Groceries,1035.17
2023-09-24,Dining,998.36
2023-09-24,Dining,269.66
2023-09-24,Entertainment,1268.05
2023-09-25,Entertainment,148.13
2023-09-25,Entertainment,214.03
2023-09-26,Entertainment,286.78
2023-09-27,Groceries,461.93
2023-09-27,Dining,704.6
2023-09-28,Entertainment,1315.2
2023-09-29,Groceries,288.76
2023-09-29,Groceries,444.19
2023-09-30,Dining,790.89
2023-10-01,Rent,13844.816499780736
2023-10-01,Utilities,1187.75
2023-10-02,Medical,1391.4
2023-10-03,Utilities,2313.32
2023-10-03,Dining,1173.16
2023-10-04,Dining,828.63
2023-10-05,Utilities,2956.21
2023-10-06,Transport,669.79
2023-10-06,Utilities,1648.36
2023-10-08,Dining,823.14
2023-10-09,Groceries,1950.62
2023-10-10,Transport,561.88
2023-10-11,Transport,143.94
2023-10-11,Utilities,599.49
2023-10-12,Transport,107.73
2023-10-12,Utilities,2553.15
2023-10-12,Groceries,958.34
2023-10-13,Entertainment,369.49
2023-10-13,Groceries,1840.02
2023-10-14,Dining,609.95
2023-10-14,Transport,459.86
2023-10-16,Groceries,531.65
2023-10-16,Groceries,1258.04
2023-10-17,Groceries,1230.99
2023-10-18,Entertainment,483.9
2023-10-18,Groceries,1523.41
2023-10-19,Groceries,834.47
2023-10-19,Groceries,433.74
2023-10-19,Utilities,2646.5
2023-10-20,Groceries,1663.13
2023-10-20,Entertainment,965.6
2023-10-21,Utilities,2627.13
2023-10-21,Groceries,1352.81
2023-10-21,Transport,768.48
2023-10-23,Utilities,939.73
2023-10-24,Dining,372.3
2023-10-26,Entertainment,426.03
2023-10-26,Groceries,1430.17
2023-10-26,Entertainment,1156.76
2023-10-27,Transport,788.07
2023-10-28,Transport,473.45
2023-10-29,Dining,258.65
2023-10-29,Utilities,2767.46
2023-10-31,Groceries,746.72
2023-10-31,Groceries,458.96
2023-10-31,Groceries,961.3
2023-10-31,Dining,298.45
2023-11-01,Rent,8912.243032206352
2023-11-01,Groceries,500.33
2023-11-02,Entertainment,1047.97
2023-11-02,Utilities,2071.84
2023-11-02,Groceries,270.21
2023-11-03,Medical,901.72
2023-11-03,Utilities,2185.73
2023-11-03,Medical,4929.44
2023-11-04,Dining,262.38
2023-11-05,Transport,378.32
2023-11-05,Transport,621.6
2023-11-05,Dining,1137.79
2023-11-07,Groceries,682.4
2023-11-07,Dining,814.84
2023-11-08,Utilities,570.3
2023-11-09,Dining,396.78
2023-11-09,Utilities,1512.99
2023-11-10,Groceries,1837.22
2023-11-11,Medical,1136.01
2023-11-12,Medical,4587.49
2023-11-13,Medical,4825.33
2023-11-13,Groceries,738.96
2023-11-15,Transport,116.3
2023-11-16,Transport,174.9
2023-11-16,Medical,4122.16
2023-11-17,Groceries,416.68
2023-11-18,Utilities,2329.68
2023-11-18,Groceries,850.19
2023-11-18,Entertainment,198.98
2023-11-18,Transport,451.1
2023-11-19,Dining,775.19
2023-11-19,Dining,581.49
2023-11-19,Entertainment,982.03
2023-11-20,Groceries,230.01
2023-11-21,Groceries,1524.86
2023-11-22,Groceries,1927.54
2023-11-23,Groceries,235.95
2023-11-23,Entertainment,737.55
2023-11-23,Entertainment,110.45
2023-11-23,Transport,588.55
2023-11-24,Dining,767.85
2023-11-24,Groceries,626.1
2023-11-25,Groceries,1760.62
2023-11-25,Utilities,1620.21
2023-11-26,Entertainment,602.24
2023-11-27,Dining,990.86
2023-11-27,Transport,589.02
2023-11-27,Entertainment,789.31
2023-11-29,Dining,502.18
2023-11-30,Groceries,876.48
2023-11-30,Groceries,1321.32
2023-11-30,Transport,633.49
2023-12-01,Rent,9543.29336699559
2023-12-02,Entertainment,217.9
2023-12-02,Medical,3365.4
2023-12-02,Groceries,1254.46
2023-12-04,Entertainment,443.64
2023-12-05,Groceries,795.65
2023-12-05,Groceries,1978.43
2023-12-05,Transport,599.46
2023-12-05,Utilities,1030.2
2023-12-06,Transport,225.74
2023-12-08,Groceries,1424.45
2023-12-08,Dining,303.94
2023-12-08,Groceries,1622.15
2023-12-09,Entertainment,532.48
2023-12-10,Dining,576.79
2023-12-10,Dining,658.07
2023-12-10,Dining,1103.15
2023-12-12,Dining,1042.64
2023-12-12,Groceries,1914.07
2023-12-12,Groceries,469.84
2023-12-13,Groceries,1928.66
2023-12-13,Groceries,457.51
2023-12-15,Entertainment,743.39
2023-12-15,Transport,104.16
2023-12-15,Utilities,1758.05
2023-12-15,Dining,659.56
2023-12-17,Dining,793.77
2023-12-19,Entertainment,454.48
2023-12-19,Dining,1008.71
2023-12-20,Groceries,1184.45
2023-12-20,Entertainment,225.26
2023-12-20,Transport,689.96
2023-12-21,Groceries,672.85
2023-12-22,Utilities,752.91
2023-12-23,Dining,395.37
2023-12-24,Utilities,2684.2
2023-12-26,Transport,170.65
2023-12-26,Utilities,2397.17
2023-12-28,Medical,2724.88
2023-12-28,Transport,686.15
2023-12-28,Transport,403.93
2023-12-29,Transport,418.95
2023-12-29,Entertainment,433.67
2023-12-29,Dining,660.81
2023-12-30,Groceries,1908.71
2023-12-31,Transport,280.32
2024-01-01,Rent,8246.11475189836
2024-01-01,Entertainment,599.18
2024-01-02,Groceries,638.24
2024-01-02,Transport,619.64
2024-01-04,Transport,631.9
2024-01-05,Groceries,1535.59
2024-01-07,Dining,520.16
2024-01-08,Groceries,521.34
2024-01-08,Transport,111.45
2024-01-10,Groceries,1464.32
2024-01-10,Utilities,2972.81
2024-01-10,Groceries,1409.71
2024-01-10,Groceries,404.56
2024-01-12,Groceries,712.41
2024-01-12,Transport,617.23
2024-01-12,Entertainment,208.48
2024-01-12,Groceries,384.2
2024-01-13,Transport,321.25
2024-01-13,Groceries,1776.68
2024-01-13,Dining,326.52
2024-01-14,Dining,758.76
2024-01-14,Entertainment,170.45
2024-01-18,Dining,312.53
2024-01-18,Transport,236.73
2024-01-19,Transport,355.56
2024-01-20,Groceries,295.09
2024-01-21,Dining,687.54
2024-01-22,Groceries,773.87
2024-01-22,Entertainment,394.16
2024-01-24,Dining,977.44
2024-01-25,Groceries,1455.38
2024-01-26,Groceries,1715.95
2024-01-26,Groceries,330.54
2024-01-26,Utilities,1506.32
2024-01-26,Dining,832.77
2024-01-28,Transport,88.42
2024-01-28,Transport,142.49
2024-01-29,Dining,993.33
2024-01-31,Groceries,1637.22
2024-02-01,Rent,12950.598298347963
2024-02-02,Entertainment,269.92
2024-02-03,Dining,731.8
2024-02-03,Groceries,881.67
2024-02-03,Dining,826.42
2024-02-04,Entertainment,1136.71
2024-02-04,Dining,787.05
2024-02-04,Groceries,1635.36
2024-02-04,Utilities,715.34
2024-02-05,Transport,63.56
2024-02-06,Entertainment,1028.89
2024-02-07,Groceries,1732.77
2024-02-09,Transport,528.67
2024-02-09,Transport,746.28
2024-02-09,Groceries,1188.94
2024-02-09,Entertainment,1013.82
2024-02-10,Dining,354.69
2024-02-11,Entertainment,1314.81
2024-02-11,Transport,774.94
2024-02-11,Transport,157.09
2024-02-11,Transport,763.78
2024-02-12,Groceries,1504.2
2024-02-12,Transport,637.19
2024-02-12,Transport,413.95
2024-02-13,Transport,325.51
2024-02-13,Entertainment,1232.32
2024-02-14,Utilities,1173.6
2024-02-15,Entertainment,1006.81
2024-02-15,Groceries,1312.59
2024-02-16,Groceries,548.01
2024-02-16,Medical,2102.63
2024-02-17,Groceries,1490.93
2024-02-18,Utilities,920.59
2024-02-18,Groceries,1029.28
2024-02-19,Entertainment,1011.36
2024-02-20,Groceries,1964.01
2024-02-20,Entertainment,1093.63
2024-02-22,Entertainment,1389.08
2024-02-23,Groceries,1038.31
2024-02-23,Groceries,1045.65
2024-02-23,Transport,486.61
2024-02-23,Transport,173.2
2024-02-24,Dining,1107.82
2024-02-24,Groceries,270.95
2024-02-24,Utilities,2569.03
2024-02-25,Groceries,1027.31
2024-02-25,Entertainment,880.15
2024-02-25,Utilities,1199.42
2024-02-25,Entertainment,223.4
2024-02-26,Medical,1461.67
2024-02-26,Transport,297.15
2024-02-27,Dining,212.75
2024-02-27,Dining,495.53
2024-02-27,Transport,434.07
2024-02-27,Dining,200.17
2024-02-28,Groceries,964.63
2024-02-28,Transport,736.56
2024-02-29,Groceries,672.09
2024-02-29,Transport,167.68
2024-02-29,Dining,955.19
2024-03-01,Rent,9878.010402994409
2024-03-01,Dining,740.25
2024-03-01,Entertainment,260.64
2024-03-01,Groceries,1153.16
2024-03-01,Groceries,237.87
2024-03-02,Entertainment,854.87
2024-03-03,Entertainment,1277.53
2024-03-03,Medical,2208.68
2024-03-04,Entertainment,668.0
2024-03-04,Groceries,825.12
2024-03-05,Dining,431.45
2024-03-06,Entertainment,198.77
2024-03-07,Dining,692.99
2024-03-07,Groceries,1150.72
2024-03-07,Groceries,1266.49
2024-03-07,Transport,516.93
2024-03-07,Groceries,550.71
2024-03-07,Transport,762.88
2024-03-08,Utilities,2009.48
2024-03-09,Groceries,1938.84
2024-03-11,Groceries,1604.85
2024-03-14,Groceries,1653.73
2024-03-15,Dining,1037.79
2024-03-15,Dining,683.9
2024-03-15,Groceries,1721.59
2024-03-15,Utilities,2951.9
2024-03-17,Dining,346.25
2024-03-19,Dining,533.64
2024-03-20,Groceries,650.65
2024-03-20,Utilities,2720.68
2024-03-20,Transport,505.23
2024-03-20,Groceries,1648.94
2024-03-21,Groceries,1206.45
2024-03-21,Entertainment,302.21
2024-03-22,Entertainment,919.92
2024-03-24,Groceries,1558.88
2024-03-24,Medical,1276.74
2024-03-25,Entertainment,316.78
2024-03-26,Transport,365.19
2024-03-26,Entertainment,108.21
2024-03-28,Utilities,2800.1
2024-03-29,Entertainment,1334.39
2024-03-30,Utilities,1525.76
2024-03-30,Transport,86.86
2024-04-01,Rent,13533.595252735535
2024-04-01,Transport,690.8
2024-04-02,Groceries,653.6
2024-04-03,Transport,655.33
2024-04-03,Entertainment,263.45
2024-04-03,Groceries,1166.35
2024-04-04,Groceries,265.41
2024-04-04,Groceries,1511.29
2024-04-04,Groceries,868.29
2024-04-05,Transport,413.8
2024-04-05,Entertainment,1245.7
2024-04-07,Transport,153.8
2024-04-07,Utilities,1811.68
2024-04-07,Entertainment,573.2
2024-04-08,Transport,617.27
2024-04-08,Dining,669.33
2024-04-09,Dining,1091.07
2024-04-09,Utilities,2647.45
2024-04-11,Groceries,952.34
2024-04-11,Groceries,777.02
2024-04-13,Transport,310.04
2024-04-14,Utilities,879.95
2024-04-14,Groceries,822.13
2024-04-14,Dining,408.67
2024-04-17,Entertainment,838.61
2024-04-17,Utilities,1082.97
2024-04-18,Groceries,870.78
2024-04-18,Transport,457.61
2024-04-20,Utilities,2508.03
2024-04-21,Dining,459.44
2024-04-21,Entertainment,1143.56
2024-04-21,Transport,277.08
2024-04-22,Utilities,2758.18
2024-04-22,Groceries,617.74
2024-04-22,Utilities,2559.36
2024-04-23,Transport,223.05
2024-04-23,Groceries,1590.08
2024-04-25,Groceries,807.25
2024-04-25,Groceries,1930.78
2024-04-26,Dining,511.83
2024-04-26,Groceries,1213.7
2024-04-27,Groceries,1889.21
2024-04-30,Groceries,1987.1
2024-04-30,Transport,265.55
2024-04-30,Entertainment,526.03
2024-04-30,Groceries,202.57
2024-05-01,Rent,11147.083470441836
2024-05-01,Groceries,487.55
2024-05-01,Groceries,713.34
2024-05-01,Dining,1101.04
2024-05-02,Transport,134.63
2024-05-02,Dining,817.91
2024-05-04,Utilities,1633.54
2024-05-05,Transport,411.43
2024-05-06,Utilities,2686.87
2024-05-07,Transport,287.68
2024-05-07,Transport,264.18
2024-05-07,Medical,1632.94
2024-05-07,Groceries,1148.27
2024-05-07,Groceries,398.98
2024-05-09,Dining,926.45
2024-05-10,Transport,630.5
2024-05-13,Groceries,1878.51
2024-05-13,Dining,895.27
2024-05-14,Dining,357.1
2024-05-14,Groceries,1416.97
2024-05-14,Transport,748.66
2024-05-14,Groceries,1120.75
2024-05-15,Transport,514.34
2024-05-15,Groceries,1942.44
2024-05-16,Groceries,353.74
2024-05-17,Transport,386.64
2024-05-18,Groceries,1876.68
2024-05-19,Transport,520.97
2024-05-19,Groceries,1837.26
2024-05-20,Dining,1155.65
2024-05-22,Transport,184.74
2024-05-23,Entertainment,576.31
2024-05-23,Dining,606.41
2024-05-23,Groceries,543.99
2024-05-24,Dining,366.18
2024-05-25,Dining,1128.32
2024-05-27,Entertainment,744.82
2024-05-28,Dining,997.04
2024-05-28,Groceries,776.11
2024-05-28,Transport,222.29
2024-05-31,Groceries,615.76
2024-06-01,Rent,13613.397669852886
2024-06-01,Medical,1082.77
2024-06-01,Groceries,725.36
2024-06-03,Transport,750.81
2024-06-03,Groceries,578.5
2024-06-04,Transport,536.87
2024-06-04,Utilities,2095.35
2024-06-05,Transport,146.57
2024-06-06,Dining,672.85
2024-06-06,Transport,658.98
2024-06-07,Entertainment,1168.61
2024-06-07,Groceries,611.61
2024-06-08,Dining,647.46
2024-06-09,Dining,527.82
2024-06-10,Transport,765.28
2024-06-10,Entertainment,517.41
2024-06-10,Groceries,1716.6
2024-06-10,Transport,545.35
2024-06-11,Entertainment,184.96
2024-06-12,Utilities,2569.81
2024-06-12,Dining,190.75
2024-06-14,Transport,403.03
2024-06-14,Groceries,255.92
2024-06-14,Dining,402.75
2024-06-14,Groceries,350.08
2024-06-15,Entertainment,154.32
2024-06-15,Groceries,1696.24
2024-06-15,Dining,518.17
2024-06-15,Transport,450.17
2024-06-17,Groceries,1650.63
2024-06-18,Entertainment,1311.9
2024-06-19,Transport,610.74
2024-06-20,Transport,80.05
2024-06-20,Medical,1979.06
2024-06-20,Groceries,1400.08
2024-06-20,Groceries,1254.4
2024-06-21,Groceries,1007.54
2024-06-21,Entertainment,1029.07
2024-06-22,Groceries,1878.77
2024-06-22,Transport,597.14
2024-06-25,Transport,417.84
2024-06-25,Groceries,1644.78
2024-06-25,Groceries,1819.3
2024-06-26,Entertainment,148.02
2024-06-26,Transport,166.13
2024-06-26,Groceries,857.09
2024-06-26,Transport,517.38
2024-06-26,Groceries,1106.65
2024-06-28,Utilities,1339.02
2024-06-28,Dining,604.41
2024-06-29,Utilities,2046.46
2024-06-29,Transport,114.35
2024-07-01,Rent,14462.5662288966
2024-07-01,Transport,494.36
2024-07-02,Groceries,1801.55
2024-07-05,Groceries,250.74
2024-07-05,Groceries,1786.67
2024-07-06,Groceries,1130.81
2024-07-06,Dining,994.59
2024-07-06,Groceries,1446.63
2024-07-07,Entertainment,1331.25
2024-07-07,Transport,411.5
2024-07-09,Dining,446.8
2024-07-10,Transport,603.9
2024-07-10,Dining,807.57
2024-07-11,Dining,289.2
2024-07-12,Dining,905.96
2024-07-13,Transport,513.36
2024-07-14,Medical,4462.08
2024-07-15,Entertainment,746.53
2024-07-16,Utilities,1527.33
2024-07-17,Dining,631.17
2024-07-17,Groceries,635.18
2024-07-17,Transport,715.12
2024-07-18,Transport,793.76
2024-07-18,Dining,371.05
2024-07-19,Transport,635.06
2024-07-20,Dining,772.2
2024-07-21,Entertainment,883.85
2024-07-22,Dining,718.85
2024-07-22,Groceries,1579.08
2024-07-23,Entertainment,257.65
2024-07-23,Dining,342.76
2024-07-23,Groceries,931.95
2024-07-24,Groceries,680.98
2024-07-24,Entertainment,306.44
2024-07-25,Dining,406.95
2024-07-25,Groceries,744.1
2024-07-25,Dining,1170.66
2024-07-25,Dining,265.52
2024-07-26,Transport,84.55
2024-07-26,Entertainment,573.98
2024-07-27,Transport,664.57
2024-07-27,Dining,275.75
2024-07-27,Entertainment,498.32
2024-07-29,Dining,1046.07
2024-07-29,Dining,428.55
2024-07-30,Groceries,278.99
2024-07-30,Utilities,1611.2
2024-07-31,Utilities,501.0
2024-08-01,Rent,13641.23818437798
2024-08-03,Transport,290.53
2024-08-04,Transport,706.26
2024-08-04,Transport,120.92
2024-08-05,Groceries,1320.59
2024-08-05,Groceries,1107.33
2024-08-05,Entertainment,496.91
2024-08-06,Groceries,1087.01
2024-08-06,Groceries,1960.88
2024-08-06,Groceries,1077.44
2024-08-07,Transport,256.03
2024-08-07,Dining,192.61
2024-08-08,Groceries,1940.36
2024-08-08,Entertainment,524.59
2024-08-08,Transport,99.8
2024-08-09,Utilities,1606.84
2024-08-10,Transport,577.15
2024-08-10,Groceries,548.82
2024-08-12,Entertainment,401.34
2024-08-13,Groceries,289.61
2024-08-13,Groceries,1377.62
2024-08-13,Entertainment,1421.66
2024-08-14,Entertainment,474.88
2024-08-14,Transport,403.09
2024-08-15,Groceries,1093.33
2024-08-15,Entertainment,335.82
2024-08-16,Dining,889.72
2024-08-16,Transport,455.46
2024-08-16,Dining,654.14
2024-08-17,Entertainment,364.71
2024-08-18,Entertainment,269.34
2024-08-18,Groceries,1149.16
2024-08-18,Transport,491.61
2024-08-20,Medical,2849.64
2024-08-21,Medical,1502.67
2024-08-21,Transport,537.4
2024-08-23,Groceries,492.5
2024-08-23,Dining,870.33
2024-08-24,Utilities,1931.02
2024-08-25,Groceries,1405.3
2024-08-26,Entertainment,693.86
2024-08-27,Dining,659.52
2024-08-28,Groceries,354.64
2024-08-29,Utilities,1475.94
2024-08-30,Transport,125.46
2024-08-31,Utilities,1215.56
2024-09-01,Rent,11220.718385903816
2024-09-04,Groceries,703.28
2024-09-06,Groceries,1360.56
2024-09-07,Groceries,1371.49
2024-09-07,Groceries,1165.54
2024-09-08,Entertainment,1319.87
2024-09-09,Groceries,1063.02
2024-09-09,Transport,735.36
2024-09-09,Transport,330.08
2024-09-10,Entertainment,567.8
2024-09-10,Dining,190.28
2024-09-11,Transport,550.56
2024-09-11,Groceries,1768.79
2024-09-12,Groceries,991.04
2024-09-13,Utilities,1552.24
2024-09-14,Transport,302.64
2024-09-14,Entertainment,1305.56
2024-09-14,Groceries,330.63
2024-09-15,Utilities,1857.2
2024-09-16,Groceries,1202.27
2024-09-17,Entertainment,1402.63
2024-09-17,Dining,1195.26
2024-09-20,Groceries,1616.56
2024-09-20,Groceries,864.89
2024-09-21,Transport,509.51
2024-09-21,Entertainment,866.66
2024-09-22,Groceries,414.69
2024-09-23,Dining,886.36
2024-09-24,Transport,193.9
2024-09-24,Groceries,1263.65
2024-09-25,Groceries,1603.16
2024-09-26,Utilities,2864.18
2024-09-27,Entertainment,729.44
2024-09-27,Groceries,1114.22
2024-09-28,Groceries,1497.11
2024-09-28,Entertainment,1351.74
2024-09-28,Dining,207.91
2024-09-29,Transport,456.72
2024-10-01,Rent,13224.196687983538
2024-10-03,Transport,50.96
2024-10-03,Groceries,1162.2
2024-10-03,Utilities,1543.62
2024-10-03,Utilities,1804.66
2024-10-06,Medical,1126.09
2024-10-06,Groceries,1995.36
2024-10-06,Groceries,1402.44
2024-10-08,Utilities,969.76
2024-10-08,Entertainment,571.03
2024-10-10,Dining,567.05
2024-10-11,Transport,608.31
2024-10-12,Groceries,1443.12
2024-10-12,Entertainment,1010.85
2024-10-12,Dining,612.46
2024-10-13,Transport,787.7
2024-10-13,Utilities,609.62
2024-10-13,Transport,517.49
2024-10-16,Transport,247.02
2024-10-18,Transport,493.86
2024-10-18,Groceries,465.42
2024-10-20,Transport,531.71
2024-10-20,Groceries,1318.64
2024-10-20,Dining,675.38
2024-10-20,Transport,258.07
2024-10-21,Dining,739.42
2024-10-21,Dining,704.2
2024-10-21,Entertainment,909.03
2024-10-22,Groceries,1887.59
2024-10-22,Entertainment,960.86
2024-10-23,Dining,934.59
2024-10-24,Dining,225.98
2024-10-25,Dining,862.03
2024-10-25,Transport,567.15
2024-10-26,Medical,3778.87
2024-10-27,Groceries,1197.53
2024-10-27,Dining,714.25
2024-10-28,Transport,227.8
2024-10-29,Medical,1193.95
2024-10-30,Dining,155.62
2024-10-30,Utilities,2757.63
2024-10-30,Groceries,373.03
2024-10-31,Entertainment,297.58
2024-10-31,Groceries,1658.25
2024-11-01,Rent,8613.021940903667
2024-11-01,Utilities,696.75
2024-11-01,Entertainment,329.5
2024-11-02,Transport,499.57
2024-11-04,Groceries,1438.61
2024-11-04,Groceries,965.64
2024-11-05,Groceries,1787.09
2024-11-06,Entertainment,222.8
2024-11-07,Entertainment,495.56
2024-11-07,Transport,127.21
2024-11-08,Transport,300.66
2024-11-08,Groceries,813.89
2024-11-08,Dining,1092.16
2024-11-09,Dining,163.66
2024-11-09,Dining,663.68
2024-11-10,Entertainment,868.51
2024-11-10,Groceries,972.0
2024-11-11,Dining,322.75
2024-11-11,Groceries,674.25
2024-11-14,Groceries,1495.03
2024-11-14,Dining,419.8
2024-11-19,Entertainment,454.89
2024-11-20,Transport,358.89
2024-11-20,Utilities,1629.1
2024-11-20,Dining,1141.3
2024-11-21,Groceries,560.84
2024-11-22,Dining,316.2
2024-11-23,Transport,701.82
2024-11-23,Entertainment,715.31
2024-11-25,Transport,138.85
2024-11-25,Groceries,745.8
2024-11-25,Utilities,2475.65
2024-11-26,Transport,357.89
2024-11-27,Groceries,299.6
2024-11-30,Medical,1049.21
2024-12-01,Rent,10420.799992167158
2024-12-01,Dining,183.59
2024-12-02,Transport,535.42
2024-12-02,Groceries,297.29
2024-12-02,Transport,462.22
2024-12-02,Dining,259.89
2024-12-03,Transport,287.45
2024-12-04,Entertainment,1222.3
2024-12-05,Dining,891.36
2024-12-06,Dining,755.87
2024-12-08,Groceries,1985.77
2024-12-10,Dining,583.56
2024-12-10,Entertainment,169.02
2024-12-12,Groceries,404.77
2024-12-13,Groceries,343.26
2024-12-13,Dining,423.7
2024-12-14,Dining,957.71
2024-12-14,Entertainment,572.08
2024-12-14,Groceries,419.4
2024-12-15,Transport,322.64
2024-12-15,Entertainment,1361.76
2024-12-17,Entertainment,1120.42
2024-12-18,Entertainment,179.99
2024-12-18,Dining,706.3
2024-12-18,Utilities,2578.93
2024-12-21,Transport,498.73
2024-12-21,Groceries,694.81
2024-12-23,Dining,692.06
2024-12-23,Groceries,1859.11
2024-12-23,Dining,918.29
2024-12-23,Utilities,1000.85
2024-12-25,Transport,636.5
2024-12-26,Groceries,693.22
2024-12-26,Transport,137.6
2024-12-26,Groceries,577.13
2024-12-26,Transport,731.33
2024-12-28,Dining,746.9
2024-12-28,Transport,617.4
2024-12-29,Groceries,1710.93
2024-12-30,Utilities,2430.6
2024-12-30,Transport,513.3
2024-12-31,Dining,991.42
2024-12-31,Transport,222.56
2025-01-01,Rent,10842.574927918396
2025-01-01,Entertainment,1228.54
2025-01-02,Groceries,1629.89
2025-01-02,Groceries,688.49
2025-01-03,Groceries,1469.11
2025-01-03,Transport,125.56
2025-01-03,Utilities,577.94
2025-01-03,Dining,295.59
2025-01-06,Transport,225.86
2025-01-06,Transport,463.87
2025-01-06,Entertainment,459.97
2025-01-07,Medical,172.8
2025-01-08,Transport,478.0
2025-01-09,Utilities,2214.69
2025-01-10,Entertainment,919.27
2025-01-11,Transport,156.38
2025-01-14,Dining,1055.81
2025-01-14,Transport,489.4
2025-01-14,Medical,2708.29
2025-01-14,Dining,237.19
2025-01-16,Medical,2005.37
2025-01-16,Groceries,1642.11
2025-01-17,Transport,606.73
2025-01-18,Medical,3350.48
2025-01-18,Transport,260.35
2025-01-19,Groceries,1153.7
2025-01-20,Groceries,1378.89
2025-01-21,Groceries,1880.51
2025-01-22,Dining,789.0
2025-01-23,Transport,772.86
2025-01-23,Entertainment,503.03
2025-01-23,Groceries,1466.35
2025-01-24,Transport,740.8
2025-01-24,Transport,239.19
2025-01-24,Entertainment,1253.32
2025-01-26,Utilities,1462.4
2025-01-26,Transport,637.47
2025-01-27,Transport,410.71
2025-01-28,Groceries,1433.97
2025-01-29,Dining,992.69
2025-01-30,Entertainment,503.41
2025-01-31,Groceries,370.58
2025-02-01,Rent,8047.517218165129
2025-02-03,Groceries,1885.03
2025-02-03,Entertainment,610.75
2025-02-04,Groceries,880.03
2025-02-04,Transport,557.98
2025-02-05,Groceries,544.32
2025-02-06,Utilities,1137.72
2025-02-06,Groceries,305.37
2025-02-07,Groceries,1569.37
2025-02-09,Entertainment,887.96
2025-02-10,Utilities,2678.19
2025-02-13,Transport,144.35
2025-02-13,Entertainment,835.2
2025-02-15,Groceries,1186.44
2025-02-15,Utilities,2481.76
2025-02-16,Utilities,2193.35
2025-02-18,Utilities,1040.34
2025-02-19,Entertainment,677.98
2025-02-19,Dining,414.41
2025-02-19,Medical,3107.17
2025-02-19,Dining,239.88
2025-02-19,Groceries,1565.13
2025-02-21,Utilities,1412.73
2025-02-22,Groceries,325.36
2025-02-22,Entertainment,828.92
2025-02-23,Transport,69.84
2025-02-23,Transport,782.02
2025-02-24,Dining,613.34
2025-02-24,Groceries,334.12
2025-02-25,Groceries,1588.38
2025-02-25,Dining,798.58
2025-02-25,Entertainment,139.67
2025-02-26,Utilities,1037.14
2025-02-26,Groceries,562.05
2025-02-28,Entertainment,767.46
2025-03-01,Rent,9894.722241757025
2025-03-02,Dining,934.08
2025-03-02,Dining,669.73
2025-03-04,Transport,98.75
2025-03-05,Dining,1057.44
2025-03-06,Dining,603.4
2025-03-06,Dining,635.58
2025-03-07,Dining,1012.66
2025-03-07,Entertainment,351.72
2025-03-08,Transport,534.97
2025-03-08,Dining,201.74
2025-03-08,Dining,725.82
2025-03-08,Groceries,771.06
2025-03-09,Groceries,485.37
2025-03-10,Groceries,1016.07
2025-03-11,Dining,799.26
2025-03-11,Groceries,481.4
2025-03-12,Utilities,1951.84
2025-03-13,Groceries,1235.9
2025-03-14,Groceries,1393.23
2025-03-15,Transport,781.65
2025-03-16,Groceries,1290.83
2025-03-18,Dining,1154.68
2025-03-18,Transport,748.65
2025-03-18,Entertainment,853.74
2025-03-18,Transport,206.97
2025-03-18,Groceries,634.71
2025-03-19,Transport,785.49
2025-03-20,Groceries,286.32
2025-03-21,Entertainment,455.1
2025-03-21,Groceries,220.75
2025-03-21,Groceries,756.68
2025-03-23,Groceries,1257.87
2025-03-23,Groceries,1752.38
2025-03-24,Groceries,1353.28
2025-03-24,Transport,252.54
2025-03-26,Utilities,1912.68
2025-03-26,Dining,273.35
2025-03-27,Utilities,1603.87
2025-03-27,Dining,298.69
2025-03-28,Medical,4517.28
2025-03-28,Groceries,1646.38
2025-03-28,Medical,1338.05
2025-03-29,Groceries,596.23
2025-03-29,Groceries,998.48
2025-03-31,Utilities,2134.14
2025-03-31,Medical,114.8
2025-04-01,Rent,9735.527148640651
2025-04-01,Entertainment,424.22
2025-04-01,Groceries,1658.55
2025-04-01,Groceries,1043.57
2025-04-01,Dining,345.12
2025-04-02,Transport,368.37
2025-04-02,Transport,260.48
2025-04-02,Medical,851.49
2025-04-03,Entertainment,1382.32
2025-04-04,Utilities,2281.5
2025-04-05,Groceries,1920.65
2025-04-06,Transport,167.57
2025-04-06,Transport,453.06
2025-04-06,Groceries,999.4
2025-04-07,Entertainment,1202.29
2025-04-07,Entertainment,553.45
2025-04-07,Groceries,1797.61
2025-04-07,Transport,708.59
2025-04-08,Transport,435.23
2025-04-08,Dining,542.33
2025-04-08,Transport,121.77
2025-04-09,Entertainment,678.47
2025-04-10,Entertainment,1180.84
2025-04-10,Dining,329.06
2025-04-11,Dining,1094.91
2025-04-11,Transport,255.81
2025-04-11,Transport,340.82
2025-04-11,Groceries,683.44
2025-04-12,Utilities,932.05
2025-04-13,Groceries,1583.16
2025-04-14,Transport,402.74
2025-04-15,Groceries,925.2
2025-04-15,Dining,927.33
2025-04-15,Entertainment,841.5
2025-04-15,Transport,440.39
2025-04-16,Dining,312.42
2025-04-16,Transport,356.02
2025-04-17,Entertainment,1328.48
2025-04-18,Groceries,1910.68
2025-04-18,Medical,578.77
2025-04-18,Groceries,489.98
2025-04-19,Entertainment,1287.78
2025-04-21,Dining,447.63
2025-04-22,Groceries,936.65
2025-04-22,Groceries,1656.16
2025-04-23,Entertainment,1258.02
2025-04-23,Transport,256.59
2025-04-24,Transport,380.09
2025-04-26,Groceries,942.96
2025-04-27,Transport,386.68
2025-04-28,Groceries,1784.76
2025-04-29,Groceries,1096.36
2025-04-30,Groceries,654.0
2025-04-30,Dining,1144.53
2025-05-01,Rent,8951.529231571245
2025-05-01,Groceries,785.91
2025-05-03,Groceries,1654.68
2025-05-03,Groceries,1291.19
2025-05-04,Transport,115.2
2025-05-07,Groceries,1134.09
2025-05-07,Entertainment,1448.02
2025-05-08,Dining,1019.8
2025-05-08,Transport,227.94
2025-05-09,Utilities,1758.05
2025-05-11,Utilities,1566.48
2025-05-11,Dining,1037.49
2025-05-12,Transport,615.25
2025-05-12,Groceries,899.36
2025-05-12,Dining,910.64
2025-05-13,Transport,263.08
2025-05-15,Transport,339.39
2025-05-16,Groceries,1263.36
2025-05-16,Entertainment,686.26
2025-05-17,Entertainment,806.64
2025-05-22,Groceries,512.43
2025-05-23,Transport,207.42
2025-05-23,Transport,64.71
2025-05-24,Dining,981.56
2025-05-24,Groceries,917.41
2025-05-24,Groceries,658.5
2025-05-25,Transport,760.8
2025-05-27,Transport,157.31
2025-05-27,Dining,474.3
2025-05-28,Transport,599.18
2025-05-28,Groceries,1402.73
2025-05-29,Groceries,1489.94
2025-05-30,Groceries,1112.19
2025-06-01,Rent,11336.343194173784
2025-06-01,Transport,794.01
2025-06-02,Groceries,421.24
2025-06-02,Groceries,923.51
2025-06-02,Dining,513.58
2025-06-03,Entertainment,579.17
2025-06-03,Groceries,1987.05
2025-06-03,Groceries,330.23
2025-06-04,Transport,343.59
2025-06-04,Groceries,817.48
2025-06-05,Dining,193.97
2025-06-05,Entertainment,917.91
2025-06-06,Entertainment,1295.08
2025-06-07,Groceries,1518.42
2025-06-08,Dining,643.81
2025-06-08,Groceries,1441.68
2025-06-08,Transport,143.26
2025-06-11,Dining,1054.06
2025-06-11,Entertainment,117.86
2025-06-12,Entertainment,590.33
2025-06-12,Dining,290.67
2025-06-13,Dining,268.13
2025-06-15,Groceries,1253.22
2025-06-16,Transport,657.82
2025-06-17,Groceries,690.44
2025-06-17,Dining,1179.49
2025-06-17,Transport,57.28
2025-06-19,Groceries,1898.04
2025-06-20,Entertainment,977.5
2025-06-20,Entertainment,980.21
2025-06-20,Entertainment,1480.98
2025-06-21,Groceries,1069.21
2025-06-21,Entertainment,1260.85
2025-06-21,Transport,478.14
2025-06-22,Entertainment,1259.26
2025-06-24,Groceries,1964.09
2025-06-24,Transport,220.57
2025-06-26,Dining,558.73
2025-06-26,Transport,396.77
2025-06-26,Transport,697.68
2025-06-27,Dining,408.04
2025-06-27,Entertainment,484.36
2025-06-27,Dining,155.59
2025-06-28,Transport,533.68
2025-06-29,Entertainment,730.75
2025-06-29,Groceries,1202.26
2025-06-29,Utilities,1979.79
2025-06-30,Groceries,1273.65
2025-06-30,Groceries,343.36
2025-07-01,Rent,11007.219204139827
2025-07-01,Utilities,2109.43
2025-07-02,Entertainment,874.8
2025-07-02,Groceries,1453.71
2025-07-03,Groceries,566.69
2025-07-03,Transport,407.43
2025-07-03,Groceries,1126.87
2025-07-05,Dining,1109.26
2025-07-06,Entertainment,576.81
2025-07-06,Transport,483.67
2025-07-07,Transport,112.92
2025-07-07,Groceries,656.22
2025-07-10,Utilities,1181.39
2025-07-11,Entertainment,634.74
2025-07-11,Entertainment,260.35
2025-07-12,Utilities,1409.75
2025-07-12,Dining,626.98
2025-07-13,Dining,922.5
2025-07-16,Transport,72.52
2025-07-16,Transport,478.49
2025-07-17,Groceries,767.01
2025-07-17,Entertainment,1430.83
2025-07-17,Dining,389.77
2025-07-20,Transport,240.05
2025-07-20,Entertainment,142.7
2025-07-20,Groceries,1795.86
2025-07-20,Dining,594.01
2025-07-21,Utilities,2460.47
2025-07-22,Transport,402.38
2025-07-22,Transport,616.21
2025-07-23,Transport,784.94
2025-07-24,Transport,103.27
2025-07-25,Dining,453.38
2025-07-25,Groceries,1885.82
2025-07-26,Dining,490.53
2025-07-27,Groceries,460.48
2025-07-28,Utilities,2858.25
2025-07-29,Transport,406.74
2025-07-29,Entertainment,1480.39
2025-07-30,Dining,562.6
2025-07-30,Medical,2137.35
2025-07-30,Entertainment,1093.73
2025-07-30,Medical,1298.62
2025-07-31,Dining,729.83
2025-07-31,Utilities,1307.25
2025-08-01,Rent,11368.917662793236
2025-08-01,Medical,2606.19
2025-08-01,Utilities,1527.62
2025-08-02,Transport,458.14
2025-08-03,Transport,176.83
2025-08-03,Groceries,1878.76
2025-08-04,Dining,819.83
2025-08-04,Dining,536.99
2025-08-05,Groceries,714.13
2025-08-05,Groceries,1739.73
2025-08-05,Groceries,336.98
2025-08-06,Groceries,1636.3
2025-08-07,Transport,355.91
2025-08-09,Medical,4089.62
2025-08-09,Dining,166.43
2025-08-09,Dining,1000.28
2025-08-09,Dining,247.95
2025-08-10,Entertainment,766.87
2025-08-10,Dining,229.89
2025-08-10,Entertainment,1061.73
2025-08-10,Dining,762.17
2025-08-10,Dining,1139.09
2025-08-12,Transport,452.65
2025-08-13,Groceries,1260.68
2025-08-13,Entertainment,472.93
2025-08-14,Utilities,1689.86
2025-08-14,Groceries,1870.28
2025-08-14,Transport,600.87
2025-08-14,Transport,64.16
2025-08-16,Utilities,2246.59
2025-08-16,Utilities,1731.3
2025-08-17,Groceries,753.78
2025-08-17,Groceries,1340.36
2025-08-18,Dining,493.58
2025-08-19,Dining,286.19
2025-08-20,Entertainment,1235.01
2025-08-20,Groceries,733.59
2025-08-21,Groceries,757.58
2025-08-22,Utilities,1340.41
2025-08-22,Groceries,1174.14
2025-08-25,Dining,918.92
2025-08-25,Entertainment,1248.41
2025-08-25,Transport,216.13
2025-08-26,Entertainment,1428.19
2025-08-26,Dining,1069.5
2025-08-27,Groceries,1091.1
2025-08-27,Dining,680.42
2025-08-28,Groceries,1517.2
2025-08-30,Transport,581.24
2025-08-31,Groceries,1649.03
2025-09-01,Rent,10589.220379536873
2025-09-01,Dining,797.04
2025-09-01,Transport,186.75
2025-09-02,Transport,657.26
2025-09-02,Utilities,2414.46
2025-09-03,Groceries,1338.82
2025-09-03,Medical,1621.94
2025-09-04,Dining,949.83
2025-09-04,Groceries,1997.16
2025-09-05,Transport,707.32
2025-09-05,Groceries,340.84
2025-09-05,Dining,1027.26
2025-09-05,Groceries,1737.82
2025-09-06,Groceries,712.73
2025-09-06,Entertainment,843.86
2025-09-06,Dining,980.92
2025-09-07,Groceries,1772.54
2025-09-07,Groceries,644.04
2025-09-08,Groceries,741.18
2025-09-08,Entertainment,626.31
2025-09-08,Entertainment,1327.24
2025-09-09,Entertainment,1428.76
2025-09-09,Medical,1253.5
2025-09-10,Groceries,1029.02
2025-09-10,Transport,66.93
2025-09-11,Entertainment,521.29
2025-09-13,Entertainment,378.36
2025-09-14,Utilities,2384.84
2025-09-16,Entertainment,470.17
2025-09-17,Entertainment,662.31
2025-09-17,Dining,966.05
2025-09-17,Groceries,1719.58
2025-09-18,Utilities,1226.61
2025-09-18,Groceries,733.43
2025-09-18,Utilities,1074.57
2025-09-20,Groceries,627.53
2025-09-21,Groceries,1947.03
2025-09-22,Transport,519.68
2025-09-22,Groceries,540.07
2025-09-23,Transport,703.45
2025-09-24,Groceries,1524.16
2025-09-24,Transport,659.89
2025-09-25,Transport,567.42
2025-09-25,Dining,367.34
2025-09-25,Dining,1005.94
2025-09-25,Medical,4413.23
2025-09-26,Groceries,724.2
2025-09-27,Groceries,379.51
2025-09-27,Transport,426.01
2025-09-27,Groceries,827.26
2025-09-27,Groceries,1364.73
2025-09-28,Medical,1152.2
2025-09-28,Entertainment,1130.42
2025-09-29,Transport,116.39
2025-09-29,Entertainment,503.5
2025-10-01,Rent,11811.719050331556
2025-10-01,Utilities,2059.43
2025-10-03,Transport,291.75
2025-10-03,Entertainment,1414.75
2025-10-04,Transport,718.12
2025-10-06,Dining,531.29
2025-10-06,Dining,589.3
2025-10-07,Groceries,1267.68
2025-10-07,Groceries,822.71
2025-10-08,Transport,130.52
2025-10-11,Dining,920.03
2025-10-11,Entertainment,1003.39
2025-10-12,Entertainment,1075.93
2025-10-13,Utilities,1835.07
2025-10-13,Transport,305.21
2025-10-14,Groceries,310.71
2025-10-14,Groceries,884.27
2025-10-14,Transport,588.45
2025-10-14,Utilities,627.13
2025-10-16,Groceries,441.09
2025-10-17,Transport,316.72
2025-10-17,Dining,685.72
2025-10-19,Transport,423.32
2025-10-19,Transport,231.43
2025-10-20,Dining,329.49
2025-10-22,Groceries,1527.01
2025-10-22,Utilities,1115.68
2025-10-22,Dining,259.59
2025-10-23,Transport,103.63
2025-10-23,Transport,606.2
2025-10-23,Transport,297.72
2025-10-23,Entertainment,1321.09
2025-10-23,Groceries,893.85
2025-10-25,Utilities,1215.45
2025-10-27,Transport,66.22
2025-10-28,Groceries,877.5
2025-10-28,Utilities,2455.99
2025-10-29,Groceries,491.41
2025-10-29,Groceries,604.8
2025-10-30,Entertainment,1244.16
2025-10-30,Entertainment,457.01
2025-10-30,Groceries,270.66
2025-10-31,Groceries,1471.22
2025-10-31,Dining,628.08
2025-11-01,Rent,12886.520369350543
2025-11-01,Transport,484.98
2025-11-02,Entertainment,560.49
2025-11-03,Transport,664.9
2025-11-04,Groceries,889.58
2025-11-04,Dining,1165.57
2025-11-05,Dining,598.25
2025-11-06,Utilities,1829.97
2025-11-07,Utilities,2500.14
2025-11-07,Transport,179.46
2025-11-09,Entertainment,363.26
2025-11-10,Groceries,1065.29
2025-11-11,Groceries,505.47
2025-11-12,Utilities,845.69
2025-11-12,Medical,4123.06
2025-11-12,Groceries,535.1
2025-11-15,Entertainment,1060.91
2025-11-15,Groceries,761.2
2025-11-15,Entertainment,113.08
2025-11-17,Utilities,2481.14
2025-11-17,Transport,77.03
2025-11-18,Transport,626.35
2025-11-18,Groceries,685.08
2025-11-19,Entertainment,1395.37
2025-11-19,Groceries,1947.54
2025-11-20,Entertainment,1165.25
2025-11-20,Medical,984.08
2025-11-21,Transport,645.38
2025-11-21,Transport,453.14
2025-11-22,Transport,571.73
2025-11-22,Dining,719.48
2025-11-22,Dining,243.67
2025-11-24,Groceries,1131.32
2025-11-26,Entertainment,1396.05
2025-11-27,Groceries,435.52
2025-11-27,Utilities,1899.71
2025-11-27,Dining,925.75
2025-11-28,Dining,414.45
2025-11-28,Dining,1154.96
2025-11-28,Utilities,1990.08
2025-11-29,Transport,527.28
2025-11-30,Transport,643.73
2025-11-30,Transport,452.47
2025-12-01,Rent,13397.952337195755
2025-12-01,Medical,682.38
2025-12-01,Groceries,1802.03
2025-12-01,Groceries,1513.46
2025-12-02,Utilities,788.5
2025-12-02,Transport,685.98
2025-12-02,Transport,493.32
2025-12-03,Entertainment,1308.24
2025-12-03,Transport,108.9
2025-12-03,Entertainment,564.9
2025-12-05,Transport,198.11
2025-12-05,Dining,333.31
2025-12-05,Groceries,1130.31
2025-12-05,Groceries,577.76
2025-12-05,Entertainment,224.5
2025-12-07,Transport,474.31
2025-12-07,Transport,752.11
2025-12-09,Groceries,1490.69
2025-12-09,Groceries,1661.35
2025-12-09,Utilities,2324.02
2025-12-11,Groceries,871.41
2025-12-11,Groceries,1205.09
2025-12-11,Dining,561.05
2025-12-12,Groceries,254.76
2025-12-13,Entertainment,732.09
2025-12-13,Dining,278.65
2025-12-16,Dining,785.19
2025-12-17,Transport,799.63
2025-12-17,Dining,1088.13
2025-12-18,Groceries,205.62
2025-12-19,Transport,557.85
2025-12-20,Groceries,1390.41
2025-12-20,Groceries,656.3
2025-12-20,Transport,252.35
2025-12-21,Utilities,1467.83
2025-12-21,Groceries,499.16
2025-12-22,Utilities,1085.07
2025-12-22,Entertainment,898.97
2025-12-23,Entertainment,1101.71
2025-12-23,Groceries,1549.33
2025-12-26,Transport,189.68
2025-12-26,Transport,672.63
2025-12-27,Entertainment,536.8
2025-12-27,Dining,1063.92
2025-12-28,Groceries,260.15
2025-12-29,Transport,664.05
2025-12-29,Groceries,1743.78
2025-12-30,Transport,299.68
2025-12-30,Groceries,1293.08
2025-12-30,Transport,699.28
